event_id,metric_x,metric_y,lon,lat,event_year,susceptibility_prob,slope,elevation,aspect_sin,aspect_cos,curvature,dist_to_road_km,rain_24h_obs,rain_48h_prior,rain_72h_prior,rain_7d_prior,api_7d,r24_seasonal_anom,api_seasonal_anom,target_trigger_24h,spatial_block_50km
937,7338678.935487013,1438228.4739427024,76.0593,11.345799989027652,2007,0.999572217464447,19.808476088353594,912.0,-0.10630873532176308,-0.9943331699155405,-0.00011620266741374508,2052.0924620219726,21.105735778808594,226.20252990722656,392.01556396484375,666.6865844726562,370.4469299316406,-1.0854803959343904,-0.275373,1,146_28
BG_0000,9601074.092648724,3067549.3263987824,99.50714306409915,24.793036954123696,2007,0.002880366053432226,15.88224324226832,1661.0,-0.35995383609688086,-0.9329701152122397,-0.0007963915814549326,366.1301483360096,191.57273864746094,215.8780975341797,322.78704833984375,593.6802368164062,334.78924560546875,1.0124524403632815,-0.59237826,0,192_61
937,7338678.935487013,1438228.4739427024,76.0593,11.345799989027652,2007,0.999572217464447,19.808476088353594,912.0,-0.10630873532176308,-0.9943331699155405,-0.00011620266741374508,2052.0924620219726,45.886165618896484,261.0264892578125,307.93609619140625,990.958984375,531.3316040039062,-0.7770184037517175,0.9227859,0,146_28
937,7338678.935487013,1438228.4739427024,76.0593,11.345799989027652,2007,0.999572217464447,19.808476088353594,912.0,-0.10630873532176308,-0.9943331699155405,-0.00011620266741374508,2052.0924620219726,66.53498840332031,125.68624877929688,166.65988159179688,748.0809936523438,360.173583984375,-0.5171320071668342,-0.36176354,0,146_28
25053,7342174.922879344,1438469.7528136722,76.095533,11.34772798902632,2018,0.999572217464447,19.808476088353594,912.0,-0.10630873532176308,-0.9943331699155405,-0.00011620266741374508,2049.4102381989355,19.506669998168945,126.12506866455078,181.67904663085938,788.7640991210938,380.06390380859375,-1.0861599353511602,-0.19906308,1,146_28
BG_0001,9390038.948696421,3283597.917689151,97.31993941811405,26.66830936646337,2018,0.00252643134444952,11.256302004001354,976.0,0.6439806868364499,0.7650417472149178,-0.016859890769370348,66.61277898555802,43.92245864868164,141.8292694091797,189.06578063964844,740.6434326171875,333.644775390625,-0.7847620840165689,-0.49625278,0,187_65
25053,7342174.922879344,1438469.7528136722,76.095533,11.34772798902632,2018,0.999572217464447,19.808476088353594,912.0,-0.10630873532176308,-0.9943331699155405,-0.00011620266741374508,2049.4102381989355,64.39076232910156,301.1551513671875,606.75537109375,1065.9921875,592.0477905273438,-0.5509995864300054,1.5744865,0,146_28
25053,7342174.922879344,1438469.7528136722,76.095533,11.34772798902632,2018,0.999572217464447,19.808476088353594,912.0,-0.10630873532176308,-0.9943331699155405,-0.00011620266741374508,2049.4102381989355,32.76839828491211,170.39012145996094,266.6762390136719,975.8379516601562,447.12969970703125,-0.9154864293911751,0.3951783,0,146_28
25052,7342352.940066408,1438183.9222763316,76.097378,11.345443989027878,2018,0.999572217464447,19.808476088353594,912.0,-0.10630873532176308,-0.9943331699155405,-0.00011620266741374508,2049.480972537611,19.506669998168945,126.12506866455078,181.67904663085938,788.7640991210938,380.06390380859375,-1.0861599353511602,-0.19906308,1,146_28
BG_0002,9261388.525388807,3485652.3095325283,95.98658484197037,28.44980517989282,2018,0.013215562328696251,17.516511958118926,3025.0,0.3059110736353497,-0.9520600900296513,0.004720565079519962,8.711694792465169,225.3820343017578,308.3843994140625,357.7987365722656,1047.9033203125,560.0252075195312,1.5394077738001881,1.4117343,0,185_69
25052,7342352.940066408,1438183.9222763316,76.097378,11.345443989027878,2018,0.999572217464447,19.808476088353594,912.0,-0.10630873532176308,-0.9943331699155405,-0.00011620266741374508,2049.480972537611,64.39076232910156,301.1551513671875,606.75537109375,1065.9921875,592.0477905273438,-0.5509995864300054,1.5744865,0,146_28
25052,7342352.940066408,1438183.9222763316,76.097378,11.345443989027878,2018,0.999572217464447,19.808476088353594,912.0,-0.10630873532176308,-0.9943331699155405,-0.00011620266741374508,2049.480972537611,32.76839828491211,170.39012145996094,266.6762390136719,975.8379516601562,447.12969970703125,-0.9154864293911751,0.3951783,0,146_28
25260,7343388.52731234,1437698.3556626071,76.10811100000001,11.341563989030544,2018,0.999572217464447,19.808476088353594,912.0,-0.10630873532176308,-0.9943331699155405,-0.00011620266741374508,2049.0744626348096,382.82354736328125,43.822654724121094,220.34906005859375,715.8843994140625,325.8762512207031,3.3098605266269825,-0.64231163,1,146_28
BG_0003,8834278.532648318,3371619.14509826,91.55994520336202,27.440914270809436,2018,0.2199542224407196,43.381549801092646,1313.0,0.3261374517862614,0.9453223590619043,0.0027262010434396873,6.947627420101115,116.19048309326172,188.74940490722656,450.1330871582031,608.0027465820312,353.6883850097656,0.03932714996482708,-0.48802823,0,176_67
25260,7343388.52731234,1437698.3556626071,76.10811100000001,11.341563989030544,2018,0.999572217464447,19.808476088353594,912.0,-0.10630873532176308,-0.9943331699155405,-0.00011620266741374508,2049.0744626348096,37.943565368652344,173.77195739746094,197.20989990234375,762.4034423828125,344.81182861328125,-0.8701842254502765,-0.556294,0,146_28
25260,7343388.52731234,1437698.3556626071,76.10811100000001,11.341563989030544,2018,0.999572217464447,19.808476088353594,912.0,-0.10630873532176308,-0.9943331699155405,-0.00011620266741374508,2049.0744626348096,230.6685333251953,401.132568359375,514.8778686523438,784.1005249023438,478.23907470703125,1.497104472356205,0.65156865,0,146_28
24921,7350235.290245224,1437688.96964671,76.17907199999999,11.341488989030573,2018,0.999572217464447,19.808476088353594,912.0,-0.10630873532176308,-0.9943331699155405,-0.00011620266741374508,2044.1676630012857,382.82354736328125,43.822654724121094,220.34906005859375,715.8843994140625,325.8762512207031,3.3098605266269825,-0.64231163,1,147_28
BG_0004,8739807.93939714,2873912.5905456143,90.580836121682,23.13561623213987,2018,0.00114392617251724,12.689693859260856,989.0,0.01791228833508883,-0.9998395620931393,-2.7153656583149777e-05,64.89884338061283,31.939624786376953,218.30056762695312,286.52545166015625,661.9381713867188,340.8790283203125,-0.9645137154402041,-0.5355207,0,174_57
24921,7350235.290245224,1437688.96964671,76.17907199999999,11.341488989030573,2018,0.999572217464447,19.808476088353594,912.0,-0.10630873532176308,-0.9943331699155405,-0.00011620266741374508,2044.1676630012857,37.943565368652344,173.77195739746094,197.20989990234375,762.4034423828125,344.81182861328125,-0.8701842254502765,-0.556294,0,147_28
24921,7350235.290245224,1437688.96964671,76.17907199999999,11.341488989030573,2018,0.999572217464447,19.808476088353594,912.0,-0.10630873532176308,-0.9943331699155405,-0.00011620266741374508,2044.1676630012857,230.6685333251953,401.132568359375,514.8778686523438,784.1005249023438,478.23907470703125,1.497104472356205,0.65156865,0,147_28
25047,7351797.017177364,1439878.5994944528,76.195258,11.358985989018633,2018,0.999572217464447,19.808476088353594,912.0,-0.10630873532176308,-0.9943331699155405,-0.00011620266741374508,2041.5214919162124,382.82354736328125,43.822654724121094,220.34906005859375,715.8843994140625,325.8762512207031,3.3098605266269825,-0.64231163,1,147_28
BG_0005,9519506.366059503,2889687.170563066,98.66176145774935,23.269869402301072,2018,0.0026471195742487907,9.976122537570449,891.0,-0.37524876110022126,-0.9269241432246487,0.0058698421042434855,415.3680684477837,271.49359130859375,299.86334228515625,419.04412841796875,734.1026611328125,431.45025634765625,2.0693675966324974,0.38517156,0,190_57
25047,7351797.017177364,1439878.5994944528,76.195258,11.358985989018633,2018,0.999572217464447,19.808476088353594,912.0,-0.10630873532176308,-0.9943331699155405,-0.00011620266741374508,2041.5214919162124,37.943565368652344,173.77195739746094,197.20989990234375,762.4034423828125,344.81182861328125,-0.8701842254502765,-0.556294,0,147_28
25047,7351797.017177364,1439878.5994944528,76.195258,11.358985989018633,2018,0.999572217464447,19.808476088353594,912.0,-0.10630873532176308,-0.9943331699155405,-0.00011620266741374508,2041.5214919162124,230.6685333251953,401.132568359375,514.8778686523438,784.1005249023438,478.23907470703125,1.497104472356205,0.65156865,0,147_28
25046,7351561.494167273,1440023.2603793773,76.192817,11.360141989017825,2018,0.999572217464447,19.808476088353594,912.0,-0.10630873532176308,-0.9943331699155405,-0.00011620266741374508,2041.5895268961451,382.82354736328125,43.822654724121094,220.34906005859375,715.8843994140625,325.8762512207031,3.3098605266269825,-0.64231163,1,147_28
BG_0006,9263758.737441448,2585830.3784510572,96.0111501174321,20.705819737547145,2018,0.0008004679111763835,0.3301374117996258,182.0,1.0,6.123233995736766e-17,-0.00024900748311853225,322.0806150697807,152.18748474121094,129.58929443359375,197.2313232421875,569.6236572265625,297.68438720703125,0.5929208312378702,-0.87510455,0,185_51
25046,7351561.494167273,1440023.2603793773,76.192817,11.360141989017825,2018,0.999572217464447,19.808476088353594,912.0,-0.10630873532176308,-0.9943331699155405,-0.00011620266741374508,2041.5895268961451,37.943565368652344,173.77195739746094,197.20989990234375,762.4034423828125,344.81182861328125,-0.8701842254502765,-0.556294,0,147_28
25046,7351561.494167273,1440023.2603793773,76.192817,11.360141989017825,2018,0.999572217464447,19.808476088353594,912.0,-0.10630873532176308,-0.9943331699155405,-0.00011620266741374508,2041.5895268961451,230.6685333251953,401.132568359375,514.8778686523438,784.1005249023438,478.23907470703125,1.497104472356205,0.65156865,0,147_28
25050,7352261.5021304935,1439630.4471823967,76.200072,11.357002989019966,2018,0.999572217464447,19.808476088353594,912.0,-0.10630873532176308,-0.9943331699155405,-0.00011620266741374508,2041.361523223836,382.82354736328125,43.822654724121094,220.34906005859375,715.8843994140625,325.8762512207031,3.3098605266269825,-0.64231163,1,147_28
BG_0007,9366958.114372725,2821863.459768565,97.08072577796045,22.693565077069618,2018,0.0037635774351656437,23.054628699607964,1182.0,0.8407701670286227,-0.5413922110953038,-0.0015512759483364241,308.3458761907854,235.8279571533203,130.1189422607422,160.24935913085938,730.0337524414062,362.8624572753906,1.716990844420201,-0.22637624,0,187_56
25050,7352261.5021304935,1439630.4471823967,76.200072,11.357002989019966,2018,0.999572217464447,19.808476088353594,912.0,-0.10630873532176308,-0.9943331699155405,-0.00011620266741374508,2041.361523223836,37.943565368652344,173.77195739746094,197.20989990234375,762.4034423828125,344.81182861328125,-0.8701842254502765,-0.556294,0,147_28
25050,7352261.5021304935,1439630.4471823967,76.200072,11.357002989019966,2018,0.999572217464447,19.808476088353594,912.0,-0.10630873532176308,-0.9943331699155405,-0.00011620266741374508,2041.361523223836,230.6685333251953,401.132568359375,514.8778686523438,784.1005249023438,478.23907470703125,1.497104472356205,0.65156865,0,147_28
25049,7351951.684684606,1439762.4699278022,76.196861,11.358057989019272,2018,0.999572217464447,19.808476088353594,912.0,-0.10630873532176308,-0.9943331699155405,-0.00011620266741374508,2041.4915646001425,382.82354736328125,43.822654724121094,220.34906005859375,715.8843994140625,325.8762512207031,3.3098605266269825,-0.64231163,1,147_28
BG_0008,8703626.435435165,3081225.646300525,90.20584494295802,24.910901923119226,2018,0.0020734623540192842,0.6982413118749978,22.0,-0.9752448055325802,0.22112794776264683,0.000539999164899859,27.76538818170594,28.378368377685547,91.89785766601562,216.5550537109375,912.9407348632812,426.72674560546875,-1.0085120101360203,0.13018659,0,174_61
25049,7351951.684684606,1439762.4699278022,76.196861,11.358057989019272,2018,0.999572217464447,19.808476088353594,912.0,-0.10630873532176308,-0.9943331699155405,-0.00011620266741374508,2041.4915646001425,37.943565368652344,173.77195739746094,197.20989990234375,762.4034423828125,344.81182861328125,-0.8701842254502765,-0.556294,0,147_28
25049,7351951.684684606,1439762.4699278022,76.196861,11.358057989019272,2018,0.999572217464447,19.808476088353594,912.0,-0.10630873532176308,-0.9943331699155405,-0.00011620266741374508,2041.4915646001425,230.6685333251953,401.132568359375,514.8778686523438,784.1005249023438,478.23907470703125,1.497104472356205,0.65156865,0,147_28
25048,7351894.3718341375,1439713.790506427,76.19626699999999,11.357668989019531,2018,0.999572217464447,19.808476088353594,912.0,-0.10630873532176308,-0.9943331699155405,-0.00011620266741374508,2041.5665903133297,382.82354736328125,43.822654724121094,220.34906005859375,715.8843994140625,325.8762512207031,3.3098605266269825,-0.64231163,1,147_28
BG_0009,9619595.160718765,3280443.948563054,99.69909852161994,26.640721289497524,2018,0.0005027685547247529,11.404550399600407,4075.0,0.5978684327248928,0.8015942472043324,0.0006102562827257306,267.0957599571631,147.78858947753906,290.9057922363281,338.3501281738281,608.474365234375,354.5167236328125,0.43604021584659436,-0.4307965,0,192_65
25048,7351894.3718341375,1439713.790506427,76.19626699999999,11.357668989019531,2018,0.999572217464447,19.808476088353594,912.0,-0.10630873532176308,-0.9943331699155405,-0.00011620266741374508,2041.5665903133297,37.943565368652344,173.77195739746094,197.20989990234375,762.4034423828125,344.81182861328125,-0.8701842254502765,-0.556294,0,147_28
25048,7351894.3718341375,1439713.790506427,76.19626699999999,11.357668989019531,2018,0.999572217464447,19.808476088353594,912.0,-0.10630873532176308,-0.9943331699155405,-0.00011620266741374508,2041.5665903133297,230.6685333251953,401.132568359375,514.8778686523438,784.1005249023438,478.23907470703125,1.497104472356205,0.65156865,0,147_28
25225,7352458.237655925,1439567.5015732788,76.20211099999999,11.356499989020309,2018,0.999572217464447,19.808476088353594,912.0,-0.10630873532176308,-0.9943331699155405,-0.00011620266741374508,2041.2644035888216,382.82354736328125,43.822654724121094,220.34906005859375,715.8843994140625,325.8762512207031,3.3098605266269825,-0.64231163,1,147_28
BG_0010,9486958.161911344,3146593.4385205023,98.32442640800421,25.475789802500994,2018,0.0011629941873252392,20.610696503161275,2818.0,0.027781165617715844,-0.9996140289316278,0.0017480484713578491,233.93056122667264,294.90618896484375,139.24575805664062,400.84710693359375,771.0723876953125,406.12908935546875,2.3930544453824494,0.11403739,0,189_62
25225,7352458.237655925,1439567.5015732788,76.20211099999999,11.356499989020309,2018,0.999572217464447,19.808476088353594,912.0,-0.10630873532176308,-0.9943331699155405,-0.00011620266741374508,2041.2644035888216,37.943565368652344,173.77195739746094,197.20989990234375,762.4034423828125,344.81182861328125,-0.8701842254502765,-0.556294,0,147_28
25225,7352458.237655925,1439567.5015732788,76.20211099999999,11.356499989020309,2018,0.999572217464447,19.808476088353594,912.0,-0.10630873532176308,-0.9943331699155405,-0.00011620266741374508,2041.2644035888216,230.6685333251953,401.132568359375,514.8778686523438,784.1005249023438,478.23907470703125,1.497104472356205,0.65156865,0,147_28
25000,7352749.047304599,1439559.117159926,76.205125,11.356432989020343,2018,0.999572217464447,19.808476088353594,912.0,-0.10630873532176308,-0.9943331699155405,-0.00011620266741374508,2041.0618286768417,382.82354736328125,43.822654724121094,220.34906005859375,715.8843994140625,325.8762512207031,3.3098605266269825,-0.64231163,1,147_28
BG_0011,8888643.33199199,3343722.456251321,92.12339110678276,27.19548621947158,2018,0.039992574602365494,36.77855695497379,2804.0,-0.6383924197993724,-0.7697110615956495,0.0014446646313348308,1.9813364189360214,60.81015396118164,123.19229125976562,195.2054901123047,484.4458312988281,238.78692626953125,-0.6199542820916464,-1.4387778,0,177_66
25000,7352749.047304599,1439559.117159926,76.205125,11.356432989020343,2018,0.999572217464447,19.808476088353594,912.0,-0.10630873532176308,-0.9943331699155405,-0.00011620266741374508,2041.0618286768417,37.943565368652344,173.77195739746094,197.20989990234375,762.4034423828125,344.81182861328125,-0.8701842254502765,-0.556294,0,147_28
25000,7352749.047304599,1439559.117159926,76.205125,11.356432989020343,2018,0.999572217464447,19.808476088353594,912.0,-0.10630873532176308,-0.9943331699155405,-0.00011620266741374508,2041.0618286768417,230.6685333251953,401.132568359375,514.8778686523438,784.1005249023438,478.23907470703125,1.497104472356205,0.65156865,0,147_28
25259,7353285.607509076,1440423.7027558188,76.210686,11.363341989015641,2018,0.999572217464447,19.808476088353594,912.0,-0.10630873532176308,-0.9943331699155405,-0.00011620266741374508,2040.0743306462743,382.82354736328125,43.822654724121094,220.34906005859375,715.8843994140625,325.8762512207031,3.3098605266269825,-0.64231163,1,147_28
BG_0012,8859201.370006232,3037857.059078724,91.818249672071,24.537519283975364,2018,0.005089777987450361,1.4445257671032206,13.0,-0.9985713460152555,0.053434697690552355,-0.000677883630900252,14.774021869559315,92.03194427490234,155.17108154296875,206.73382568359375,691.2134399414062,336.9629211425781,-0.2352956880464528,-0.6181625,0,177_60
25259,7353285.607509076,1440423.7027558188,76.210686,11.363341989015641,2018,0.999572217464447,19.808476088353594,912.0,-0.10630873532176308,-0.9943331699155405,-0.00011620266741374508,2040.0743306462743,37.943565368652344,173.77195739746094,197.20989990234375,762.4034423828125,344.81182861328125,-0.8701842254502765,-0.556294,0,147_28
25259,7353285.607509076,1440423.7027558188,76.210686,11.363341989015641,2018,0.999572217464447,19.808476088353594,912.0,-0.10630873532176308,-0.9943331699155405,-0.00011620266741374508,2040.0743306462743,230.6685333251953,401.132568359375,514.8778686523438,784.1005249023438,478.23907470703125,1.497104472356205,0.65156865,0,147_28
25051,7353140.106198457,1442142.5519010567,76.20917799999998,11.377077989006251,2018,0.999572217464447,19.808476088353594,912.0,-0.10630873532176308,-0.9943331699155405,-0.00011620266741374508,2038.9804380204137,19.506669998168945,126.12506866455078,181.67904663085938,788.7640991210938,380.06390380859375,-1.0861599353511602,-0.19906308,1,147_28
BG_0013,8860725.411950653,3106623.249183692,91.83404509853433,25.13007602210331,2018,0.014529228210449219,0.5751427051252347,12.0,-0.7413203239190713,0.6711513818390923,9.06344919381565e-05,1.118295966556659,249.90432739257812,327.7239685058594,390.41351318359375,554.7503662109375,341.29736328125,1.6782389501472499,-0.5589331,0,177_62
25051,7353140.106198457,1442142.5519010567,76.20917799999998,11.377077989006251,2018,0.999572217464447,19.808476088353594,912.0,-0.10630873532176308,-0.9943331699155405,-0.00011620266741374508,2038.9804380204137,64.39076232910156,301.1551513671875,606.75537109375,1065.9921875,592.0477905273438,-0.5509995864300054,1.5744865,0,147_28
25051,7353140.106198457,1442142.5519010567,76.20917799999998,11.377077989006251,2018,0.999572217464447,19.808476088353594,912.0,-0.10630873532176308,-0.9943331699155405,-0.00011620266741374508,2038.9804380204137,32.76839828491211,170.39012145996094,266.6762390136719,975.8379516601562,447.12969970703125,-0.9154864293911751,0.3951783,0,147_28
24929,7344050.809139982,1427891.7919047307,76.114975,11.263213989084445,2018,0.999572217464447,19.808476088353594,912.0,-0.10630873532176308,-0.9943331699155405,-0.00011620266741374508,2055.4338463836802,19.506669998168945,126.12506866455078,181.67904663085938,788.7640991210938,380.06390380859375,-1.0861599353511602,-0.19906308,1,146_28
BG_0014,8977317.245764239,3053956.9554525376,93.04242242959538,24.676003890640864,2018,0.1108691617846489,9.278261058476197,348.0,0.9440073469134992,0.32992442918543696,0.0014370483019047898,4.11691330387389,96.35205078125,313.5415954589844,629.90087890625,1285.08544921875,691.0584106445312,-0.1503821361817093,2.5374382,0,179_61
24929,7344050.809139982,1427891.7919047307,76.114975,11.263213989084445,2018,0.999572217464447,19.808476088353594,912.0,-0.10630873532176308,-0.9943331699155405,-0.00011620266741374508,2055.4338463836802,32.76839828491211,170.39012145996094,266.6762390136719,975.8379516601562,447.12969970703125,-0.9154864293911751,0.3951783,0,146_28
24928,7345875.171726964,1426331.8886649294,76.133883,11.25075298909307,2018,0.999572217464447,19.808476088353594,912.0,-0.10630873532176308,-0.9943331699155405,-0.00011620266741374508,2055.2183693164197,19.506669998168945,126.12506866455078,181.67904663085938,788.7640991210938,380.06390380859375,-1.0861599353511602,-0.19906308,1,146_28
BG_0015,9190083.183839971,3208828.844792656,95.24756431632238,26.016030461399517,2018,0.024994300678372383,21.958331937543743,1204.0,-0.7437853402787435,-0.668418557182873,-0.0013612751182073076,13.60091957432866,70.85758209228516,355.2286376953125,473.6359558105469,824.257080078125,501.65447998046875,-0.45390483768754974,0.72318953,0,183_64
24928,7345875.171726964,1426331.8886649294,76.133883,11.25075298909307,2018,0.999572217464447,19.808476088353594,912.0,-0.10630873532176308,-0.9943331699155405,-0.00011620266741374508,2055.2183693164197,32.76839828491211,170.39012145996094,266.6762390136719,975.8379516601562,447.12969970703125,-0.9154864293911751,0.3951783,0,146_28
25055,7346999.0439193295,1429496.4419114876,76.145531,11.276032989075585,2019,0.999572217464447,19.808476088353594,912.0,-0.10630873532176308,-0.9943331699155405,-0.00011620266741374508,2052.2030603299054,177.02960205078125,415.26751708984375,576.131591796875,911.5735473632812,533.2843627929688,0.8198182222178322,1.054262,1,146_28
BG_0016,9100532.903797505,2903910.2561585405,94.31945018642116,23.391031659324174,2019,0.004386087413877249,13.551337946438831,112.0,0.9806700838001834,-0.19566856349281364,-0.00227982977178737,51.59540535366196,382.43621826171875,221.4193878173828,393.64288330078125,1075.8935546875,521.2137451171875,3.412748017230658,0.92978036,0,182_58
25055,7346999.0439193295,1429496.4419114876,76.145531,11.276032989075585,2019,0.999572217464447,19.808476088353594,912.0,-0.10630873532176308,-0.9943331699155405,-0.00011620266741374508,2052.2030603299054,96.62699890136719,166.826171875,352.7808837890625,1029.740478515625,498.728271484375,-0.15294854680547795,0.7954823,0,146_28
25055,7346999.0439193295,1429496.4419114876,76.145531,11.276032989075585,2019,0.999572217464447,19.808476088353594,912.0,-0.10630873532176308,-0.9943331699155405,-0.00011620266741374508,2052.2030603299054,84.6230697631836,574.5594482421875,586.301025390625,1234.9228515625,702.1388549804688,-0.283328656501774,2.4968565,0,146_28
25054,7347551.910305167,1430539.8838995248,76.151261,11.284368989069842,2018,0.999572217464447,19.808476088353594,912.0,-0.10630873532176308,-0.9943331699155405,-0.00011620266741374508,2051.0785910865047,19.506669998168945,126.12506866455078,181.67904663085938,788.7640991210938,380.06390380859375,-1.0861599353511602,-0.19906308,1,146_28
BG_0017,8964761.386964446,3222262.821369312,92.91229140198043,26.13296330171333,2018,0.016764994710683823,0.4622562557188341,73.0,-0.7441171006422692,-0.6680492051726002,0.0006972160190343857,0.4093296823804095,164.0454864501953,320.751220703125,362.13201904296875,913.6705322265625,498.9093017578125,0.688443206506308,0.8211115,0,179_64
25054,7347551.910305167,1430539.8838995248,76.151261,11.284368989069842,2018,0.999572217464447,19.808476088353594,912.0,-0.10630873532176308,-0.9943331699155405,-0.00011620266741374508,2051.0785910865047,32.76839828491211,170.39012145996094,266.6762390136719,975.8379516601562,447.12969970703125,-0.9154864293911751,0.3951783,0,146_28
24925,7346494.613646177,1429746.7905675748,76.140303,11.278032989074216,2018,0.999572217464447,19.808476088353594,912.0,-0.10630873532176308,-0.9943331699155405,-0.00011620266741374508,2052.3892065858895,382.82354736328125,43.822654724121094,220.34906005859375,715.8843994140625,325.8762512207031,3.3098605266269825,-0.64231163,1,146_28
BG_0018,9274119.321305744,2982964.3896729653,96.1185289472238,24.066469658033277,2018,0.0007992694154381752,0.8014368864893261,253.0,-0.7384746427434624,0.6742812484601033,0.0010921816945153253,154.35235749506109,163.48794555664062,262.10308837890625,533.56005859375,951.142333984375,497.300048828125,0.7155769282222328,0.89094234,0,185_59
24925,7346494.613646177,1429746.7905675748,76.140303,11.278032989074216,2018,0.999572217464447,19.808476088353594,912.0,-0.10630873532176308,-0.9943331699155405,-0.00011620266741374508,2052.3892065858895,37.943565368652344,173.77195739746094,197.20989990234375,762.4034423828125,344.81182861328125,-0.8701842254502765,-0.556294,0,146_28
24925,7346494.613646177,1429746.7905675748,76.140303,11.278032989074216,2018,0.999572217464447,19.808476088353594,912.0,-0.10630873532176308,-0.9943331699155405,-0.00011620266741374508,2052.3892065858895,230.6685333251953,401.132568359375,514.8778686523438,784.1005249023438,478.23907470703125,1.497104472356205,0.65156865,0,146_28
24924,7345988.54310626,1429561.9082489773,76.13505799999999,11.276555989075236,2018,0.999572217464447,19.808476088353594,912.0,-0.10630873532176308,-0.9943331699155405,-0.00011620266741374508,2052.8805529905167,382.82354736328125,43.822654724121094,220.34906005859375,715.8843994140625,325.8762512207031,3.3098605266269825,-0.64231163,1,146_28
BG_0019,8818357.65990221,3206008.8003459675,91.39493860652041,25.991498542725864,2018,0.057022273540496826,1.8017816271349316,79.0,0.8577806455840155,0.5140159181012488,0.0009791496732011302,0.8741935982972692,96.96159362792969,193.38426208496094,312.3289489746094,759.1141357421875,368.5594787597656,-0.14915941978036582,-0.28994137,0,176_64
24924,7345988.54310626,1429561.9082489773,76.13505799999999,11.276555989075236,2018,0.999572217464447,19.808476088353594,912.0,-0.10630873532176308,-0.9943331699155405,-0.00011620266741374508,2052.8805529905167,37.943565368652344,173.77195739746094,197.20989990234375,762.4034423828125,344.81182861328125,-0.8701842254502765,-0.556294,0,146_28
24924,7345988.54310626,1429561.9082489773,76.13505799999999,11.276555989075236,2018,0.999572217464447,19.808476088353594,912.0,-0.10630873532176308,-0.9943331699155405,-0.00011620266741374508,2052.8805529905167,230.6685333251953,401.132568359375,514.8778686523438,784.1005249023438,478.23907470703125,1.497104472356205,0.65156865,0,146_28
25146,7344033.0556644155,1434136.0026050084,76.11479099999998,11.31309998905008,2018,0.999572217464447,19.808476088353594,912.0,-0.10630873532176308,-0.9943331699155405,-0.00011620266741374508,2051.0916067443795,382.82354736328125,43.822654724121094,220.34906005859375,715.8843994140625,325.8762512207031,3.3098605266269825,-0.64231163,1,146_28
BG_0020,9037254.137433387,2695650.7737627723,93.66361843293691,21.62733914316375,2018,0.0008473359630443156,8.354240896299999,2290.0,-0.8686139907735422,0.49548938942469883,0.008579189300851648,74.22310010619722,189.6335906982422,49.17936706542969,84.18326568603516,300.1266174316406,146.95248413085938,1.0532170521974928,-2.0531516,0,180_53
25146,7344033.0556644155,1434136.0026050084,76.11479099999998,11.31309998905008,2018,0.999572217464447,19.808476088353594,912.0,-0.10630873532176308,-0.9943331699155405,-0.00011620266741374508,2051.0916067443795,37.943565368652344,173.77195739746094,197.20989990234375,762.4034423828125,344.81182861328125,-0.8701842254502765,-0.556294,0,146_28
25146,7344033.0556644155,1434136.0026050084,76.11479099999998,11.31309998905008,2018,0.999572217464447,19.808476088353594,912.0,-0.10630873532176308,-0.9943331699155405,-0.00011620266741374508,2051.0916067443795,230.6685333251953,401.132568359375,514.8778686523438,784.1005249023438,478.23907470703125,1.497104472356205,0.65156865,0,146_28
25147,7344125.007089497,1434136.7535589787,76.11574400000002,11.313105989050069,2018,0.999572217464447,19.808476088353594,912.0,-0.10630873532176308,-0.9943331699155405,-0.00011620266741374508,2051.025118139018,382.82354736328125,43.822654724121094,220.34906005859375,715.8843994140625,325.8762512207031,3.3098605266269825,-0.64231163,1,146_28
BG_0021,9123810.185692556,2733846.562425048,94.56069984217037,21.94918206592025,2018,0.001228355336934328,2.115478682163736,228.0,-0.9832259840972511,-0.18239151349772836,-0.0007538316477756894,136.344853353918,144.6341094970703,152.86700439453125,434.2667541503906,657.3413696289062,384.39886474609375,0.4373683770460258,-0.18167756,0,182_54
25147,7344125.007089497,1434136.7535589787,76.11574400000002,11.313105989050069,2018,0.999572217464447,19.808476088353594,912.0,-0.10630873532176308,-0.9943331699155405,-0.00011620266741374508,2051.025118139018,37.943565368652344,173.77195739746094,197.20989990234375,762.4034423828125,344.81182861328125,-0.8701842254502765,-0.556294,0,146_28
25147,7344125.007089497,1434136.7535589787,76.11574400000002,11.313105989050069,2018,0.999572217464447,19.808476088353594,912.0,-0.10630873532176308,-0.9943331699155405,-0.00011620266741374508,2051.025118139018,230.6685333251953,401.132568359375,514.8778686523438,784.1005249023438,478.23907470703125,1.497104472356205,0.65156865,0,146_28
24907,7344134.65571752,1434209.3457038295,76.115844,11.313685989049656,2018,0.999572217464447,19.808476088353594,912.0,-0.10630873532176308,-0.9943331699155405,-0.00011620266741374508,2050.967623497682,382.82354736328125,43.822654724121094,220.34906005859375,715.8843994140625,325.8762512207031,3.3098605266269825,-0.64231163,1,146_28
BG_0022,9441352.301153021,2674283.5012025246,97.85175961393014,21.447601267237236,2018,0.0011581899598240852,1.0071788209592445,1053.0,-0.9881809436627463,0.15329195211035743,0.0005006788529402625,452.944646625934,169.05001831054688,256.93402099609375,379.253173828125,839.9603881835938,429.1567687988281,0.7301869279005935,0.17547412,0,188_53
24907,7344134.65571752,1434209.3457038295,76.115844,11.313685989049656,2018,0.999572217464447,19.808476088353594,912.0,-0.10630873532176308,-0.9943331699155405,-0.00011620266741374508,2050.967623497682,37.943565368652344,173.77195739746094,197.20989990234375,762.4034423828125,344.81182861328125,-0.8701842254502765,-0.556294,0,146_28
24907,7344134.65571752,1434209.3457038295,76.115844,11.313685989049656,2018,0.999572217464447,19.808476088353594,912.0,-0.10630873532176308,-0.9943331699155405,-0.00011620266741374508,2050.967623497682,230.6685333251953,401.132568359375,514.8778686523438,784.1005249023438,478.23907470703125,1.497104472356205,0.65156865,0,146_28
24908,7344115.937379152,1434447.5220282974,76.11565,11.31558898904838,2018,0.999572217464447,19.808476088353594,912.0,-0.10630873532176308,-0.9943331699155405,-0.00011620266741374508,2050.8151317542447,382.82354736328125,43.822654724121094,220.34906005859375,715.8843994140625,325.8762512207031,3.3098605266269825,-0.64231163,1,146_28
BG_0023,8876423.027621565,2690977.7105641738,91.9967378215836,21.588011536073573,2018,0.00114392617251724,12.689693859260856,989.0,0.01791228833508883,-0.9998395620931393,-2.7153656583149777e-05,73.28891063831031,33.919681549072266,58.86560821533203,221.56549072265625,531.3232421875,257.2337646484375,-0.9285347117548265,-1.3102514,0,177_53
24908,7344115.937379152,1434447.5220282974,76.11565,11.31558898904838,2018,0.999572217464447,19.808476088353594,912.0,-0.10630873532176308,-0.9943331699155405,-0.00011620266741374508,2050.8151317542447,37.943565368652344,173.77195739746094,197.20989990234375,762.4034423828125,344.81182861328125,-0.8701842254502765,-0.556294,0,146_28
24908,7344115.937379152,1434447.5220282974,76.11565,11.31558898904838,2018,0.999572217464447,19.808476088353594,912.0,-0.10630873532176308,-0.9943331699155405,-0.00011620266741374508,2050.8151317542447,230.6685333251953,401.132568359375,514.8778686523438,784.1005249023438,478.23907470703125,1.497104472356205,0.65156865,0,146_28
25203,7346287.457602478,1437092.0141045023,76.138156,11.336718989033868,2019,0.999572217464447,19.808476088353594,912.0,-0.10630873532176308,-0.9943331699155405,-0.00011620266741374508,2047.41503742651,97.86909484863281,478.26251220703125,595.7537841796875,889.780029296875,559.4423828125,-0.1379991298549749,1.2682315,1,146_28
BG_0024,9179930.903975068,3229423.4066903586,95.14234438413612,26.195337701387736,2019,0.02253502979874611,19.66832733411903,2020.0,-0.1302434582880765,-0.9914820429907756,-0.006069129983799363,4.764869050250744,105.59728240966797,180.6585693359375,243.52581787109375,831.1262817382812,378.3310852050781,-0.010060999323793509,-0.12876987,0,183_64
25203,7346287.457602478,1437092.0141045023,76.138156,11.336718989033868,2019,0.999572217464447,19.808476088353594,912.0,-0.10630873532176308,-0.9943331699155405,-0.00011620266741374508,2047.41503742651,160.5336151123047,192.2472686767578,264.3206481933594,952.2073364257812,457.6831359863281,0.6361663663024298,0.45284945,0,146_28
25203,7346287.457602478,1437092.0141045023,76.138156,11.336718989033868,2019,0.999572217464447,19.808476088353594,912.0,-0.10630873532176308,-0.9943331699155405,-0.00011620266741374508,2047.41503742651,509.74810791015625,76.55294036865234,139.43292236328125,766.3363037109375,338.2779846191406,4.899349965367884,-0.5019317,0,146_28
25088,7345450.632093861,1435354.9058746395,76.12948299999998,11.322838989043397,2018,0.999572217464447,19.808476088353594,912.0,-0.10630873532176308,-0.9943331699155405,-0.00011620266741374508,2049.2254767130466,382.82354736328125,43.822654724121094,220.34906005859375,715.8843994140625,325.8762512207031,3.3098605266269825,-0.64231163,1,146_28
BG_0025,8728583.4979754,3526868.4043188426,90.46450412719997,28.816768891711284,2018,0.00042539238347671926,0.5507652056706953,4460.0,-0.9598996870016134,-0.2803437013635308,0.00010550600978022627,156.9526506591707,24.48157501220703,408.3918762207031,560.1473388671875,955.2687377929688,598.6741333007812,-1.0476638870966732,1.849715,0,174_70
25088,7345450.632093861,1435354.9058746395,76.12948299999998,11.322838989043397,2018,0.999572217464447,19.808476088353594,912.0,-0.10630873532176308,-0.9943331699155405,-0.00011620266741374508,2049.2254767130466,37.943565368652344,173.77195739746094,197.20989990234375,762.4034423828125,344.81182861328125,-0.8701842254502765,-0.556294,0,146_28
25088,7345450.632093861,1435354.9058746395,76.12948299999998,11.322838989043397,2018,0.999572217464447,19.808476088353594,912.0,-0.10630873532176308,-0.9943331699155405,-0.00011620266741374508,2049.2254767130466,230.6685333251953,401.132568359375,514.8778686523438,784.1005249023438,478.23907470703125,1.497104472356205,0.65156865,0,146_28
25091,7345530.040302509,1435477.9328845716,76.130306,11.323821989042719,2018,0.999572217464447,19.808476088353594,912.0,-0.10630873532176308,-0.9943331699155405,-0.00011620266741374508,2049.0827997767456,382.82354736328125,43.822654724121094,220.34906005859375,715.8843994140625,325.8762512207031,3.3098605266269825,-0.64231163,1,146_28
BG_0026,8746531.084896136,3048308.7598791877,90.6505159298528,24.627403386993702,2018,0.0006484591285698116,1.1487341802550959,12.0,-0.5913865309033959,-0.806388226021466,-0.0006786904016605601,57.8295836169491,39.9467658996582,190.076416015625,339.4725341796875,643.4490356445312,346.4741516113281,-0.851131670972905,-0.5129555,0,174_60
25091,7345530.040302509,1435477.9328845716,76.130306,11.323821989042719,2018,0.999572217464447,19.808476088353594,912.0,-0.10630873532176308,-0.9943331699155405,-0.00011620266741374508,2049.0827997767456,37.943565368652344,173.77195739746094,197.20989990234375,762.4034423828125,344.81182861328125,-0.8701842254502765,-0.556294,0,146_28
25091,7345530.040302509,1435477.9328845716,76.130306,11.323821989042719,2018,0.999572217464447,19.808476088353594,912.0,-0.10630873532176308,-0.9943331699155405,-0.00011620266741374508,2049.0827997767456,230.6685333251953,401.132568359375,514.8778686523438,784.1005249023438,478.23907470703125,1.497104472356205,0.65156865,0,146_28
25085,7345220.1263703415,1435781.8065827852,76.12709399999999,11.32624998904106,2018,0.999572217464447,19.808476088353594,912.0,-0.10630873532176308,-0.9943331699155405,-0.00011620266741374508,2049.0934671402106,382.82354736328125,43.822654724121094,220.34906005859375,715.8843994140625,325.8762512207031,3.3098605266269825,-0.64231163,1,146_28
BG_0027,9599309.581315164,2653145.279040866,99.48885537253334,21.270002776167956,2018,0.0027743091341108084,15.032219479816016,1422.0,0.7214959393592436,0.6924186663342653,0.0012676824101968969,593.8805674770227,169.05001831054688,256.93402099609375,379.253173828125,839.9603881835938,429.1567687988281,0.7301869279005935,0.17547412,0,191_53
25085,7345220.1263703415,1435781.8065827852,76.12709399999999,11.32624998904106,2018,0.999572217464447,19.808476088353594,912.0,-0.10630873532176308,-0.9943331699155405,-0.00011620266741374508,2049.0934671402106,37.943565368652344,173.77195739746094,197.20989990234375,762.4034423828125,344.81182861328125,-0.8701842254502765,-0.556294,0,146_28
25085,7345220.1263703415,1435781.8065827852,76.12709399999999,11.32624998904106,2018,0.999572217464447,19.808476088353594,912.0,-0.10630873532176308,-0.9943331699155405,-0.00011620266741374508,2049.0934671402106,230.6685333251953,401.132568359375,514.8778686523438,784.1005249023438,478.23907470703125,1.497104472356205,0.65156865,0,146_28
25084,7345139.270867493,1435835.372196597,76.126256,11.326677989040755,2018,0.999572217464447,19.808476088353594,912.0,-0.10630873532176308,-0.9943331699155405,-0.00011620266741374508,2049.1141750351926,382.82354736328125,43.822654724121094,220.34906005859375,715.8843994140625,325.8762512207031,3.3098605266269825,-0.64231163,1,146_28
BG_0028,9615467.652205436,2738467.7033924926,99.65632033074559,21.988168508742454,2018,0.002604680135846138,10.265003891406725,992.0,-0.3049168068963675,-0.9523789901463195,0.004483906464345844,568.7299486426323,40.463294982910156,93.15215301513672,267.09228515625,451.75341796875,243.33343505859375,-0.8145358653235998,-1.2546687,0,192_54
25084,7345139.270867493,1435835.372196597,76.126256,11.326677989040755,2018,0.999572217464447,19.808476088353594,912.0,-0.10630873532176308,-0.9943331699155405,-0.00011620266741374508,2049.1141750351926,37.943565368652344,173.77195739746094,197.20989990234375,762.4034423828125,344.81182861328125,-0.8701842254502765,-0.556294,0,146_28
25084,7345139.270867493,1435835.372196597,76.126256,11.326677989040755,2018,0.999572217464447,19.808476088353594,912.0,-0.10630873532176308,-0.9943331699155405,-0.00011620266741374508,2049.1141750351926,230.6685333251953,401.132568359375,514.8778686523438,784.1005249023438,478.23907470703125,1.497104472356205,0.65156865,0,146_28
25154,7345088.229625239,1436273.7812829118,76.12572699999998,11.330180989038356,2018,0.999572217464447,19.808476088353594,912.0,-0.10630873532176308,-0.9943331699155405,-0.00011620266741374508,2048.845478459572,382.82354736328125,43.822654724121094,220.34906005859375,715.8843994140625,325.8762512207031,3.3098605266269825,-0.64231163,1,146_28
BG_0029,9463757.75342515,3593071.1944296067,98.0839734811646,29.408871321980378,2018,0.0005507530877366662,30.55097833373364,5194.0,0.7652131172913913,0.6437770461310277,0.0075368548685817065,143.2096667124276,69.38504791259766,365.485107421875,375.1739807128906,1005.5770874023438,498.42218017578125,-0.4598948679655083,0.9218477,0,189_71
25154,7345088.229625239,1436273.7812829118,76.12572699999998,11.330180989038356,2018,0.999572217464447,19.808476088353594,912.0,-0.10630873532176308,-0.9943331699155405,-0.00011620266741374508,2048.845478459572,37.943565368652344,173.77195739746094,197.20989990234375,762.4034423828125,344.81182861328125,-0.8701842254502765,-0.556294,0,146_28
25154,7345088.229625239,1436273.7812829118,76.12572699999998,11.330180989038356,2018,0.999572217464447,19.808476088353594,912.0,-0.10630873532176308,-0.9943331699155405,-0.00011620266741374508,2048.845478459572,230.6685333251953,401.132568359375,514.8778686523438,784.1005249023438,478.23907470703125,1.497104472356205,0.65156865,0,146_28
25278,7344679.320769534,1437220.291533718,76.12148899999997,11.337743989033177,2018,0.999572217464447,19.808476088353594,912.0,-0.10630873532176308,-0.9943331699155405,-0.00011620266741374508,2048.4800422113276,101.34517669677734,80.33387756347656,272.271728515625,1070.2425537109375,464.0793762207031,-0.09593962785006882,0.48817348,1,146_28
BG_0030,8778005.41222786,3194115.0263114716,90.97672114006384,25.88808814286669,2018,0.8237608671188354,19.837657865367778,152.0,-0.6891743886084302,0.7245955161924454,0.0033837977157706585,0.16122644540608955,121.26564025878906,278.0999755859375,340.4935302734375,1161.8331298828125,592.5315551757812,0.13180655632068194,1.48879,0,175_63
25278,7344679.320769534,1437220.291533718,76.12148899999997,11.337743989033177,2018,0.999572217464447,19.808476088353594,912.0,-0.10630873532176308,-0.9943331699155405,-0.00011620266741374508,2048.4800422113276,117.47468566894531,489.2806701660156,612.4459838867188,986.4611206054688,598.5408325195312,0.10447738977982815,1.6286885,0,146_28
25278,7344679.320769534,1437220.291533718,76.12148899999997,11.337743989033177,2018,0.999572217464447,19.808476088353594,912.0,-0.10630873532176308,-0.9943331699155405,-0.00011620266741374508,2048.4800422113276,146.1389617919922,120.53728485107422,221.8529815673828,1060.367431640625,454.226318359375,0.46660858528620114,0.45366564,0,146_28
25277,7344816.813718893,1437206.7754940095,76.122914,11.33763598903324,2018,0.999572217464447,19.808476088353594,912.0,-0.10630873532176308,-0.9943331699155405,-0.00011620266741374508,2048.390732074736,101.34517669677734,80.33387756347656,272.271728515625,1070.2425537109375,464.0793762207031,-0.09593962785006882,0.48817348,1,146_28
BG_0031,9343956.218110397,3226366.4231042354,96.84233026512157,26.168704947157135,2018,0.0015304003609344363,3.31359372951109,233.0,0.4667616986247972,-0.8843831277771496,-0.001650924407911586,117.52602884687184,39.54851531982422,93.72269439697266,178.975341796875,1088.4556884765625,482.65301513671875,-0.8620570744917393,0.71278787,0,186_64
25277,7344816.813718893,1437206.7754940095,76.122914,11.33763598903324,2018,0.999572217464447,19.808476088353594,912.0,-0.10630873532176308,-0.9943331699155405,-0.00011620266741374508,2048.390732074736,117.47468566894531,489.2806701660156,612.4459838867188,986.4611206054688,598.5408325195312,0.10447738977982815,1.6286885,0,146_28
25277,7344816.813718893,1437206.7754940095,76.122914,11.33763598903324,2018,0.999572217464447,19.808476088353594,912.0,-0.10630873532176308,-0.9943331699155405,-0.00011620266741374508,2048.390732074736,146.1389617919922,120.53728485107422,221.8529815673828,1060.367431640625,454.226318359375,0.46660858528620114,0.45366564,0,146_28
24909,7343991.277105067,1434268.4205849688,76.114358,11.314157989049347,2018,0.999572217464447,19.808476088353594,912.0,-0.10630873532176308,-0.9943331699155405,-0.00011620266741374508,2051.029332859178,382.82354736328125,43.822654724121094,220.34906005859375,715.8843994140625,325.8762512207031,3.3098605266269825,-0.64231163,1,146_28
BG_0032,9108451.991221588,2760428.1097017326,94.40152493739602,22.173581882631716,2018,0.0022356905974447727,9.241854585661395,1109.0,-0.16990794574215068,0.9854599382895697,0.0011230294271415654,116.30927489272528,169.0519256591797,370.84527587890625,486.21563720703125,696.3739013671875,445.92803955078125,0.78233266149186,0.41496953,0,182_55
24909,7343991.277105067,1434268.4205849688,76.114358,11.314157989049347,2018,0.999572217464447,19.808476088353594,912.0,-0.10630873532176308,-0.9943331699155405,-0.00011620266741374508,2051.029332859178,37.943565368652344,173.77195739746094,197.20989990234375,762.4034423828125,344.81182861328125,-0.8701842254502765,-0.556294,0,146_28
24909,7343991.277105067,1434268.4205849688,76.114358,11.314157989049347,2018,0.999572217464447,19.808476088353594,912.0,-0.10630873532176308,-0.9943331699155405,-0.00011620266741374508,2051.029332859178,230.6685333251953,401.132568359375,514.8778686523438,784.1005249023438,478.23907470703125,1.497104472356205,0.65156865,0,146_28
25153,7341408.43586903,1432058.3046311676,76.087589,11.296499989061502,2018,0.999572217464447,19.808476088353594,912.0,-0.10630873532176308,-0.9943331699155405,-0.00011620266741374508,2054.421991484897,382.82354736328125,43.822654724121094,220.34906005859375,715.8843994140625,325.8762512207031,3.3098605266269825,-0.64231163,1,146_28
BG_0033,8801515.375866266,3388797.47336231,91.22038234844779,27.59231079264167,2018,0.006732695270329714,35.33251505147551,1372.0,-0.8879213199915446,-0.4599953581336154,0.00463838096646628,38.895100414957156,147.55099487304688,192.56564331054688,303.82696533203125,712.2359008789062,382.1438293457031,0.4621863368034667,-0.23057565,0,176_67
25153,7341408.43586903,1432058.3046311676,76.087589,11.296499989061502,2018,0.999572217464447,19.808476088353594,912.0,-0.10630873532176308,-0.9943331699155405,-0.00011620266741374508,2054.421991484897,37.943565368652344,173.77195739746094,197.20989990234375,762.4034423828125,344.81182861328125,-0.8701842254502765,-0.556294,0,146_28
25153,7341408.43586903,1432058.3046311676,76.087589,11.296499989061502,2018,0.999572217464447,19.808476088353594,912.0,-0.10630873532176308,-0.9943331699155405,-0.00011620266741374508,2054.421991484897,230.6685333251953,401.132568359375,514.8778686523438,784.1005249023438,478.23907470703125,1.497104472356205,0.65156865,0,146_28
25145,7340581.548447281,1434235.7541899655,76.079019,11.313896989049551,2018,0.999572217464447,19.808476088353594,912.0,-0.10630873532176308,-0.9943331699155405,-0.00011620266741374508,2053.499736290428,382.82354736328125,43.822654724121094,220.34906005859375,715.8843994140625,325.8762512207031,3.3098605266269825,-0.64231163,1,146_28
BG_0034,9161543.003808375,2616483.7529463326,94.9517691011127,20.962475386334837,2018,0.001153772696852684,1.579561688205704,238.0,-0.6802626087909759,0.7329684734563252,-0.0009157528362432828,220.01205054361918,89.12796783447266,326.5418395996094,461.7717590332031,789.6080932617188,486.8420104980469,-0.2593514129111912,0.72619635,0,183_52
25145,7340581.548447281,1434235.7541899655,76.079019,11.313896989049551,2018,0.999572217464447,19.808476088353594,912.0,-0.10630873532176308,-0.9943331699155405,-0.00011620266741374508,2053.499736290428,37.943565368652344,173.77195739746094,197.20989990234375,762.4034423828125,344.81182861328125,-0.8701842254502765,-0.556294,0,146_28
25145,7340581.548447281,1434235.7541899655,76.079019,11.313896989049551,2018,0.999572217464447,19.808476088353594,912.0,-0.10630873532176308,-0.9943331699155405,-0.00011620266741374508,2053.499736290428,230.6685333251953,401.132568359375,514.8778686523438,784.1005249023438,478.23907470703125,1.497104472356205,0.65156865,0,146_28
787,7339528.0147532215,1437552.6844254185,76.0681,11.340399989031344,2007,0.999572217464447,19.808476088353594,912.0,-0.10630873532176308,-0.9943331699155405,-0.00011620266741374508,2051.950907495276,21.105735778808594,226.20252990722656,392.01556396484375,666.6865844726562,370.4469299316406,-1.0854803959343904,-0.275373,1,146_28
BG_0035,8716945.427438056,2821314.5835089437,90.34388521115218,22.68891096458562,2007,0.0006566240335814655,1.1057165113058713,6.0,0.9080395609647072,0.41888441809528065,2.0311329668960143e-05,105.04118019823578,64.06548309326172,187.58914184570312,270.5004577636719,723.5435791015625,366.4757385253906,-0.5349883327113172,-0.22624755,0,174_56
787,7339528.0147532215,1437552.6844254185,76.0681,11.340399989031344,2007,0.999572217464447,19.808476088353594,912.0,-0.10630873532176308,-0.9943331699155405,-0.00011620266741374508,2051.950907495276,45.886165618896484,261.0264892578125,307.93609619140625,990.958984375,531.3316040039062,-0.7770184037517175,0.9227859,0,146_28
787,7339528.0147532215,1437552.6844254185,76.0681,11.340399989031344,2007,0.999572217464447,19.808476088353594,912.0,-0.10630873532176308,-0.9943331699155405,-0.00011620266741374508,2051.950907495276,66.53498840332031,125.68624877929688,166.65988159179688,748.0809936523438,360.173583984375,-0.5171320071668342,-0.36176354,0,146_28
25239,7370642.427977129,1411843.352113608,76.390575,11.135038989173532,2018,0.999572217464447,19.808476088353594,912.0,-0.10630873532176308,-0.9943331699155405,-0.00011620266741374508,2047.823362882308,382.82354736328125,43.822654724121094,220.34906005859375,715.8843994140625,325.8762512207031,3.3098605266269825,-0.64231163,1,147_28
BG_0036,9561134.654109,3157767.557005784,99.09320402078782,25.57261147871162,2018,0.0010127824498340487,25.07323171010928,2187.0,-0.7566950300195486,-0.6537680257887459,-0.006462925660168137,273.53235672066046,294.90618896484375,139.24575805664062,400.84710693359375,771.0723876953125,406.12908935546875,2.3930544453824494,0.11403739,0,191_63
25239,7370642.427977129,1411843.352113608,76.390575,11.135038989173532,2018,0.999572217464447,19.808476088353594,912.0,-0.10630873532176308,-0.9943331699155405,-0.00011620266741374508,2047.823362882308,37.943565368652344,173.77195739746094,197.20989990234375,762.4034423828125,344.81182861328125,-0.8701842254502765,-0.556294,0,147_28
25239,7370642.427977129,1411843.352113608,76.390575,11.135038989173532,2018,0.999572217464447,19.808476088353594,912.0,-0.10630873532176308,-0.9943331699155405,-0.00011620266741374508,2047.823362882308,230.6685333251953,401.132568359375,514.8778686523438,784.1005249023438,478.23907470703125,1.497104472356205,0.65156865,0,147_28
25257,7370246.834228099,1411357.0644911206,76.38647499999999,11.131155989176232,2018,0.999572217464447,19.808476088353594,912.0,-0.10630873532176308,-0.9943331699155405,-0.00011620266741374508,2048.4470871210074,101.34517669677734,80.33387756347656,272.271728515625,1070.2425537109375,464.0793762207031,-0.09593962785006882,0.48817348,1,147_28
BG_0037,8933452.400860498,3075151.236324775,92.58779981600017,24.85853801404443,2018,0.06851387768983841,0.43237846540462604,119.0,0.9839302037027567,-0.17855350526229258,-0.0025819973070769836,0.10264859348693027,105.71956634521484,328.59552001953125,365.7248229980469,866.5103759765625,484.37774658203125,-0.04042693210760787,0.70534956,0,178_61
25257,7370246.834228099,1411357.0644911206,76.38647499999999,11.131155989176232,2018,0.999572217464447,19.808476088353594,912.0,-0.10630873532176308,-0.9943331699155405,-0.00011620266741374508,2048.4470871210074,146.1389617919922,120.53728485107422,221.8529815673828,1060.367431640625,454.226318359375,0.46660858528620114,0.45366564,0,147_28
25258,7370211.423763248,1411357.0644911206,76.386108,11.131155989176232,2018,0.999572217464447,19.808476088353594,912.0,-0.10630873532176308,-0.9943331699155405,-0.00011620266741374508,2048.4720705785353,382.82354736328125,43.822654724121094,220.34906005859375,715.8843994140625,325.8762512207031,3.3098605266269825,-0.64231163,1,147_28
BG_0038,9323008.330587111,3359023.954025326,96.62522284353982,27.330039114471397,2018,0.0020879574585705996,5.576969878172544,1991.0,-0.7611438530052195,0.6485830980162595,0.0021306252892174652,13.793503333409955,50.648681640625,302.6298522949219,475.712158203125,738.6781005859375,447.1833190917969,-0.7261261785533122,0.4156428,0,186_67
25258,7370211.423763248,1411357.0644911206,76.386108,11.131155989176232,2018,0.999572217464447,19.808476088353594,912.0,-0.10630873532176308,-0.9943331699155405,-0.00011620266741374508,2048.4720705785353,37.943565368652344,173.77195739746094,197.20989990234375,762.4034423828125,344.81182861328125,-0.8701842254502765,-0.556294,0,147_28
25258,7370211.423763248,1411357.0644911206,76.386108,11.131155989176232,2018,0.999572217464447,19.808476088353594,912.0,-0.10630873532176308,-0.9943331699155405,-0.00011620266741374508,2048.4720705785353,230.6685333251953,401.132568359375,514.8778686523438,784.1005249023438,478.23907470703125,1.497104472356205,0.65156865,0,147_28
25256,7368975.627485795,1411655.8760217133,76.3733,11.133541989174576,2018,0.999572217464447,19.808476088353594,912.0,-0.10630873532176308,-0.9943331699155405,-0.00011620266741374508,2049.13250842448,382.82354736328125,43.822654724121094,220.34906005859375,715.8843994140625,325.8762512207031,3.3098605266269825,-0.64231163,1,147_28
BG_0039,8984523.6450294,3612830.9012850206,93.1171107608941,29.586250568520803,2018,0.0005558324046432972,26.2755947355157,4969.0,-0.30443854359605654,0.9525319801314347,0.0007759603541495554,100.45431106617995,9.378220558166504,280.3937072753906,530.0464477539062,1099.279052734375,569.7154541015625,-1.2408220089297026,1.3944553,0,179_72
25256,7368975.627485795,1411655.8760217133,76.3733,11.133541989174576,2018,0.999572217464447,19.808476088353594,912.0,-0.10630873532176308,-0.9943331699155405,-0.00011620266741374508,2049.13250842448,37.943565368652344,173.77195739746094,197.20989990234375,762.4034423828125,344.81182861328125,-0.8701842254502765,-0.556294,0,147_28
25256,7368975.627485795,1411655.8760217133,76.3733,11.133541989174576,2018,0.999572217464447,19.808476088353594,912.0,-0.10630873532176308,-0.9943331699155405,-0.00011620266741374508,2049.13250842448,230.6685333251953,401.132568359375,514.8778686523438,784.1005249023438,478.23907470703125,1.497104472356205,0.65156865,0,147_28
25238,7369615.1385512985,1409149.7177025725,76.37992800000002,11.113530989188586,2018,0.999572217464447,19.808476088353594,912.0,-0.10630873532176308,-0.9943331699155405,-0.00011620266741374508,2050.4573632806596,382.82354736328125,43.822654724121094,220.34906005859375,715.8843994140625,325.8762512207031,3.3098605266269825,-0.64231163,1,147_28
BG_0040,9185559.5109896,2795444.2451800904,95.2006802117781,22.469721776228866,2018,0.0007934319437481463,1.131195497370512,149.0,0.29539030818345663,-0.9553766617576978,0.00027216070078450456,181.4311427179269,75.00515747070312,68.81177520751953,180.04861450195312,638.3764038085938,282.72381591796875,-0.4527062134463686,-1.0888238,0,183_55
25238,7369615.1385512985,1409149.7177025725,76.37992800000002,11.113530989188586,2018,0.999572217464447,19.808476088353594,912.0,-0.10630873532176308,-0.9943331699155405,-0.00011620266741374508,2050.4573632806596,37.943565368652344,173.77195739746094,197.20989990234375,762.4034423828125,344.81182861328125,-0.8701842254502765,-0.556294,0,147_28
25238,7369615.1385512985,1409149.7177025725,76.37992800000002,11.113530989188586,2018,0.999572217464447,19.808476088353594,912.0,-0.10630873532176308,-0.9943331699155405,-0.00011620266741374508,2050.4573632806596,230.6685333251953,401.132568359375,514.8778686523438,784.1005249023438,478.23907470703125,1.497104472356205,0.65156865,0,147_28
25255,7370665.97062951,1410017.768427718,76.390819,11.120461989183742,2018,0.999572217464447,19.808476088353594,912.0,-0.10630873532176308,-0.9943331699155405,-0.00011620266741374508,2049.100874746251,382.82354736328125,43.822654724121094,220.34906005859375,715.8843994140625,325.8762512207031,3.3098605266269825,-0.64231163,1,147_28
BG_0041,9211265.634868303,2543535.276864899,95.4671027934328,20.35238393644748,2018,0.0007934319437481463,0.6391866847189762,219.0,0.25764435147965126,0.9662398191704945,0.0003805880484969802,305.06036693937966,44.44527053833008,209.53280639648438,329.870849609375,556.68359375,312.79437255859375,-0.7760758931469686,-0.7533597,0,184_50
25255,7370665.97062951,1410017.768427718,76.390819,11.120461989183742,2018,0.999572217464447,19.808476088353594,912.0,-0.10630873532176308,-0.9943331699155405,-0.00011620266741374508,2049.100874746251,37.943565368652344,173.77195739746094,197.20989990234375,762.4034423828125,344.81182861328125,-0.8701842254502765,-0.556294,0,147_28
25255,7370665.97062951,1410017.768427718,76.390819,11.120461989183742,2018,0.999572217464447,19.808476088353594,912.0,-0.10630873532176308,-0.9943331699155405,-0.00011620266741374508,2049.100874746251,230.6685333251953,401.132568359375,514.8778686523438,784.1005249023438,478.23907470703125,1.497104472356205,0.65156865,0,147_28
25221,7364538.319943337,1419766.3309488571,76.327311,11.198310989129421,2018,0.999572217464447,19.808476088353594,912.0,-0.10630873532176308,-0.9943331699155405,-0.00011620266741374508,2046.5395255888109,382.82354736328125,43.822654724121094,220.34906005859375,715.8843994140625,325.8762512207031,3.3098605266269825,-0.64231163,1,147_28
BG_0042,8862124.410595315,2893265.116175699,91.84854455525527,23.300338700708142,2018,0.07761649787425995,4.567761546707605,141.0,0.8814635527902172,-0.47225205674771614,-8.621354550936112e-05,4.163821017529323,336.3733215332031,246.06834411621094,301.02874755859375,776.85205078125,394.1173095703125,2.8080101127898187,-0.017147476,0,177_57
25221,7364538.319943337,1419766.3309488571,76.327311,11.198310989129421,2018,0.999572217464447,19.808476088353594,912.0,-0.10630873532176308,-0.9943331699155405,-0.00011620266741374508,2046.5395255888109,37.943565368652344,173.77195739746094,197.20989990234375,762.4034423828125,344.81182861328125,-0.8701842254502765,-0.556294,0,147_28
25221,7364538.319943337,1419766.3309488571,76.327311,11.198310989129421,2018,0.999572217464447,19.808476088353594,912.0,-0.10630873532176308,-0.9943331699155405,-0.00011620266741374508,2046.5395255888109,230.6685333251953,401.132568359375,514.8778686523438,784.1005249023438,478.23907470703125,1.497104472356205,0.65156865,0,147_28
25222,7364519.601604967,1419644.2533157887,76.327117,11.197335989130071,2018,0.999572217464447,19.808476088353594,912.0,-0.10630873532176308,-0.9943331699155405,-0.00011620266741374508,2046.6388903166198,382.82354736328125,43.822654724121094,220.34906005859375,715.8843994140625,325.8762512207031,3.3098605266269825,-0.64231163,1,147_28
BG_0043,9619281.36379521,3461708.3875583634,99.69584627764559,28.23719516526546,2018,0.0005706520169042051,26.867201033516483,3591.0,0.7608012203768667,-0.6489849790812344,0.0033429246889448492,228.19728024547737,15.858919143676758,54.15277862548828,204.66854858398438,1195.2216796875,498.69549560546875,-1.1495718155995482,0.72394574,0,192_69
25222,7364519.601604967,1419644.2533157887,76.327117,11.197335989130071,2018,0.999572217464447,19.808476088353594,912.0,-0.10630873532176308,-0.9943331699155405,-0.00011620266741374508,2046.6388903166198,37.943565368652344,173.77195739746094,197.20989990234375,762.4034423828125,344.81182861328125,-0.8701842254502765,-0.556294,0,147_28
25222,7364519.601604967,1419644.2533157887,76.327117,11.197335989130071,2018,0.999572217464447,19.808476088353594,912.0,-0.10630873532176308,-0.9943331699155405,-0.00011620266741374508,2046.6388903166198,230.6685333251953,401.132568359375,514.8778686523438,784.1005249023438,478.23907470703125,1.497104472356205,0.65156865,0,147_28
25220,7364670.5061472785,1419901.6801433922,76.32868099999997,11.199391989128655,2018,0.999572217464447,19.808476088353594,912.0,-0.10630873532176308,-0.9943331699155405,-0.00011620266741374508,2046.35035610022,178.34718322753906,77.61205291748047,151.99708557128906,386.01141357421875,201.53634643554688,0.8561271949120528,-1.6853894,1,147_28
BG_0044,9431662.050845578,3364177.300714086,97.75132823361115,27.37539075020329,2018,0.0035912813618779182,18.01197643910653,1318.0,0.9800161045543659,0.19891816109668337,0.00020124873187493425,74.52449761289643,48.507511138916016,73.41950988769531,198.0591278076172,656.4908447265625,304.1397399902344,-0.7667122373251378,-0.8184914,0,188_67
25220,7364670.5061472785,1419901.6801433922,76.32868099999997,11.199391989128655,2018,0.999572217464447,19.808476088353594,912.0,-0.10630873532176308,-0.9943331699155405,-0.00011620266741374508,2046.35035610022,161.4747772216797,338.54266357421875,345.21197509765625,1061.529052734375,566.8975219726562,0.5788232148212278,1.2048194,0,147_28
25223,7364752.230026653,1421640.2662180883,76.329528,11.21327798911903,2018,0.999572217464447,19.808476088353594,912.0,-0.10630873532176308,-0.9943331699155405,-0.00011620266741374508,2045.0666564378998,19.506669998168945,126.12506866455078,181.67904663085938,788.7640991210938,380.06390380859375,-1.0861599353511602,-0.19906308,1,147_28
BG_0045,9590252.804292517,3106980.083901649,99.39498941564189,25.1331581369834,2018,0.0009838251862674952,31.09240487513856,2129.0,0.5849299434103655,0.8110838189126611,0.003521102010518816,329.8211126068389,32.871177673339844,433.67254638671875,479.98443603515625,973.0321044921875,572.67333984375,-0.8994880550136575,1.272507,0,191_62
25223,7364752.230026653,1421640.2662180883,76.329528,11.21327798911903,2018,0.999572217464447,19.808476088353594,912.0,-0.10630873532176308,-0.9943331699155405,-0.00011620266741374508,2045.0666564378998,32.76839828491211,170.39012145996094,266.6762390136719,975.8379516601562,447.12969970703125,-0.9154864293911751,0.3951783,0,147_28
25152,7366729.330395274,1416265.2359686096,76.350019,11.170349989148862,2018,0.999572217464447,19.808476088353594,912.0,-0.10630873532176308,-0.9943331699155405,-0.00011620266741374508,2047.4591679273453,382.82354736328125,43.822654724121094,220.34906005859375,715.8843994140625,325.8762512207031,3.3098605266269825,-0.64231163,1,147_28
BG_0046,9547150.84767598,3035214.5810424644,98.94827350427649,24.51480408099561,2018,0.0008743205689825118,17.544004426207604,2257.0,0.4543954494287368,0.8908000760768132,0.0016751709336646529,360.2775623169044,83.12877655029297,466.74603271484375,494.11798095703125,1251.9915771484375,706.0045776367188,-0.3295081508722661,2.3097055,0,190_60
25152,7366729.330395274,1416265.2359686096,76.350019,11.170349989148862,2018,0.999572217464447,19.808476088353594,912.0,-0.10630873532176308,-0.9943331699155405,-0.00011620266741374508,2047.4591679273453,37.943565368652344,173.77195739746094,197.20989990234375,762.4034423828125,344.81182861328125,-0.8701842254502765,-0.556294,0,147_28
25152,7366729.330395274,1416265.2359686096,76.350019,11.170349989148862,2018,0.999572217464447,19.808476088353594,912.0,-0.10630873532176308,-0.9943331699155405,-0.00011620266741374508,2047.4591679273453,230.6685333251953,401.132568359375,514.8778686523438,784.1005249023438,478.23907470703125,1.497104472356205,0.65156865,0,147_28
25206,7367492.150926936,1416123.6125653672,76.35792499999998,11.169218989149664,2018,0.999572217464447,19.808476088353594,912.0,-0.10630873532176308,-0.9943331699155405,-0.00011620266741374508,2047.0195753293335,101.34517669677734,80.33387756347656,272.271728515625,1070.2425537109375,464.0793762207031,-0.09593962785006882,0.48817348,1,147_28
BG_0047,9260656.671756402,2951764.3878769167,95.97899978811085,23.799487743363724,2018,0.0027571292594075203,15.840414158406038,326.0,-0.8668027909496129,0.4986511020763534,-0.0009780135283429473,161.04081331166134,9.28553295135498,309.9873352050781,329.82916259765625,1016.7688598632812,530.1408081054688,-1.212431765536425,1.0532792,0,185_59
25206,7367492.150926936,1416123.6125653672,76.35792499999998,11.169218989149664,2018,0.999572217464447,19.808476088353594,912.0,-0.10630873532176308,-0.9943331699155405,-0.00011620266741374508,2047.0195753293335,146.1389617919922,120.53728485107422,221.8529815673828,1060.367431640625,454.226318359375,0.46660858528620114,0.45366564,0,147_28
25205,7367554.8670091005,1416178.3336080916,76.358575,11.169655989149364,2018,0.999572217464447,19.808476088353594,912.0,-0.10630873532176308,-0.9943331699155405,-0.00011620266741374508,2046.9365326331483,382.82354736328125,43.822654724121094,220.34906005859375,715.8843994140625,325.8762512207031,3.3098605266269825,-0.64231163,1,147_28
BG_0048,9573247.3805459,2755177.2172415946,99.21874235023117,22.129226544994154,2018,0.0034689907915890217,18.269922344699587,1046.0,-0.7842891584732187,0.6203954512255635,-0.0010833491277089428,523.3482906495299,111.60029602050781,254.68202209472656,637.3115234375,1338.557373046875,695.46533203125,0.015807980909672167,2.343773,0,191_55
25205,7367554.8670091005,1416178.3336080916,76.358575,11.169655989149364,2018,0.999572217464447,19.808476088353594,912.0,-0.10630873532176308,-0.9943331699155405,-0.00011620266741374508,2046.9365326331483,37.943565368652344,173.77195739746094,197.20989990234375,762.4034423828125,344.81182861328125,-0.8701842254502765,-0.556294,0,147_28
25205,7367554.8670091005,1416178.3336080916,76.358575,11.169655989149364,2018,0.999572217464447,19.808476088353594,912.0,-0.10630873532176308,-0.9943331699155405,-0.00011620266741374508,2046.9365326331483,230.6685333251953,401.132568359375,514.8778686523438,784.1005249023438,478.23907470703125,1.497104472356205,0.65156865,0,147_28
25204,7368588.621015707,1413047.7101877504,76.36928899999998,11.14465598916679,2018,0.999572217464447,19.808476088353594,912.0,-0.10630873532176308,-0.9943331699155405,-0.00011620266741374508,2048.4202630210275,382.82354736328125,43.822654724121094,220.34906005859375,715.8843994140625,325.8762512207031,3.3098605266269825,-0.64231163,1,147_28
BG_0049,8769148.34611153,2906177.2511156327,90.88492502051919,23.41035351493971,2018,0.0016713404329493642,0.6401154537831018,10.0,0.2628461951056641,-0.964837746835433,-0.0002541873473488455,28.714914299674263,59.3050422668457,250.37796020507812,291.0799560546875,599.31982421875,325.41876220703125,-0.5979925574186323,-0.61061186,0,175_58
25204,7368588.621015707,1413047.7101877504,76.36928899999998,11.14465598916679,2018,0.999572217464447,19.808476088353594,912.0,-0.10630873532176308,-0.9943331699155405,-0.00011620266741374508,2048.4202630210275,37.943565368652344,173.77195739746094,197.20989990234375,762.4034423828125,344.81182861328125,-0.8701842254502765,-0.556294,0,147_28
25204,7368588.621015707,1413047.7101877504,76.36928899999998,11.14465598916679,2018,0.999572217464447,19.808476088353594,912.0,-0.10630873532176308,-0.9943331699155405,-0.00011620266741374508,2048.4202630210275,230.6685333251953,401.132568359375,514.8778686523438,784.1005249023438,478.23907470703125,1.497104472356205,0.65156865,0,147_28
25886,7367782.671116772,1336501.863238006,76.360936,10.534027989605779,2019,0.999572217464447,19.808476088353594,912.0,-0.10630873532176308,-0.9943331699155405,-0.00011620266741374508,2100.6026858513014,143.05482482910156,86.20846557617188,263.2380676269531,956.8609619140625,441.22979736328125,0.40873405530322743,0.30126664,1,147_26
BG_0050,8872861.796458151,2731543.6125275716,91.95982862419145,21.92975703583241,2019,0.0006566240335814655,0.16645194338339753,4.0,1.0,6.123233995736766e-17,-0.00030774530251012275,61.33128009222099,53.64045715332031,265.0026550292969,305.3307189941406,989.8150634765625,470.4524841308594,-0.7244969690467876,0.5332211,0,177_54
25886,7367782.671116772,1336501.863238006,76.360936,10.534027989605779,2019,0.999572217464447,19.808476088353594,912.0,-0.10630873532176308,-0.9943331699155405,-0.00011620266741374508,2100.6026858513014,20.26728057861328,145.10891723632812,241.7359161376953,666.5902099609375,338.87896728515625,-1.0958335884780719,-0.53889316,0,147_26
25886,7367782.671116772,1336501.863238006,76.360936,10.534027989605779,2019,0.999572217464447,19.808476088353594,912.0,-0.10630873532176308,-0.9943331699155405,-0.00011620266741374508,2100.6026858513014,14.290323257446289,125.6146469116211,210.2377166748047,859.418701171875,457.4181213378906,-1.1407517415345705,0.47997114,0,147_26
25809,7361189.184669546,1346661.87918957,76.2926,10.61500798954616,2018,0.999572217464447,19.808476088353594,912.0,-0.10630873532176308,-0.9943331699155405,-0.00011620266741374508,2098.7824788634066,101.34517669677734,80.33387756347656,272.271728515625,1070.2425537109375,464.0793762207031,-0.09593962785006882,0.48817348,1,147_26
BG_0051,8727403.351308791,2579578.297644506,90.45227288910539,20.65352434864859,2018,0.00114392617251724,12.689693859260856,989.0,0.01791228833508883,-0.9998395620931393,-2.7153656583149777e-05,259.3280821085957,8.29777717590332,100.70811462402344,188.15975952148438,402.04107666015625,213.881591796875,-1.2394216835994785,-1.5269221,0,174_51
25809,7361189.184669546,1346661.87918957,76.2926,10.61500798954616,2018,0.999572217464447,19.808476088353594,912.0,-0.10630873532176308,-0.9943331699155405,-0.00011620266741374508,2098.7824788634066,117.47468566894531,489.2806701660156,612.4459838867188,986.4611206054688,598.5408325195312,0.10447738977982815,1.6286885,0,147_26
25809,7361189.184669546,1346661.87918957,76.2926,10.61500798954616,2018,0.999572217464447,19.808476088353594,912.0,-0.10630873532176308,-0.9943331699155405,-0.00011620266741374508,2098.7824788634066,146.1389617919922,120.53728485107422,221.8529815673828,1060.367431640625,454.226318359375,0.46660858528620114,0.45366564,0,147_26
25729,7363922.737475335,1329791.914783746,76.32093099999997,10.48055798964539,2018,0.999572217464447,19.808476088353594,912.0,-0.10630873532176308,-0.9943331699155405,-0.00011620266741374508,2107.9534951009996,101.34517669677734,80.33387756347656,272.271728515625,1070.2425537109375,464.0793762207031,-0.09593962785006882,0.48817348,1,147_26
BG_0052,8997664.3572621,3533930.5029970394,93.25330330763265,28.879772377441,2018,0.0012331482721492648,24.052852851519525,5579.0,0.8688304491980756,-0.49510973586293994,0.005082159907382773,26.860393682288702,37.168670654296875,62.622764587402344,309.7037048339844,607.2692260742188,308.1181640625,-0.8822383826933576,-0.7572989,0,179_70
25729,7363922.737475335,1329791.914783746,76.32093099999997,10.48055798964539,2018,0.999572217464447,19.808476088353594,912.0,-0.10630873532176308,-0.9943331699155405,-0.00011620266741374508,2107.9534951009996,117.47468566894531,489.2806701660156,612.4459838867188,986.4611206054688,598.5408325195312,0.10447738977982815,1.6286885,0,147_26
25729,7363922.737475335,1329791.914783746,76.32093099999997,10.48055798964539,2018,0.999572217464447,19.808476088353594,912.0,-0.10630873532176308,-0.9943331699155405,-0.00011620266741374508,2107.9534951009996,146.1389617919922,120.53728485107422,221.8529815673828,1060.367431640625,454.226318359375,0.46660858528620114,0.45366564,0,147_26
26088,7365542.066716786,1333214.7949530385,76.33771399999998,10.507832989625152,2018,0.999572217464447,19.808476088353594,912.0,-0.10630873532176308,-0.9943331699155405,-0.00011620266741374508,2104.4639697520415,19.506669998168945,126.12506866455078,181.67904663085938,788.7640991210938,380.06390380859375,-1.0861599353511602,-0.19906308,1,147_26
BG_0053,9058785.48158207,2791432.811965158,93.88677289689483,22.43576490141363,2018,0.0026592351496219635,13.817897726691344,650.0,0.16596025044506416,0.9861324430684814,0.0008899992386470878,65.50438707021156,103.32620239257812,314.87774658203125,451.5049743652344,706.2474975585938,420.0882568359375,-0.1484942733080383,-0.08727902,0,181_55
26088,7365542.066716786,1333214.7949530385,76.33771399999998,10.507832989625152,2018,0.999572217464447,19.808476088353594,912.0,-0.10630873532176308,-0.9943331699155405,-0.00011620266741374508,2104.4639697520415,64.39076232910156,301.1551513671875,606.75537109375,1065.9921875,592.0477905273438,-0.5509995864300054,1.5744865,0,147_26
26088,7365542.066716786,1333214.7949530385,76.33771399999998,10.507832989625152,2018,0.999572217464447,19.808476088353594,912.0,-0.10630873532176308,-0.9943331699155405,-0.00011620266741374508,2104.4639697520415,32.76839828491211,170.39012145996094,266.6762390136719,975.8379516601562,447.12969970703125,-0.9154864293911751,0.3951783,0,147_26
25395,7388864.440920191,1307542.9138642107,76.57943099999999,10.303324989777991,2018,0.999572217464447,19.808476088353594,912.0,-0.10630873532176308,-0.9943331699155405,-0.00011620266741374508,2104.483610090156,101.34517669677734,80.33387756347656,272.271728515625,1070.2425537109375,464.0793762207031,-0.09593962785006882,0.48817348,1,147_26
BG_0054,8945579.809836142,2617402.699397623,92.71349031773896,20.97017618954594,2018,0.0014891272876411676,5.384334592810331,108.0,0.8573875071000508,-0.5146714123290317,0.0018316703959551741,116.41738120959832,126.6800537109375,305.34466552734375,345.15618896484375,851.281494140625,466.62109375,0.20761204375195805,0.50132453,0,178_52
25395,7388864.440920191,1307542.9138642107,76.57943099999999,10.303324989777991,2018,0.999572217464447,19.808476088353594,912.0,-0.10630873532176308,-0.9943331699155405,-0.00011620266741374508,2104.483610090156,117.47468566894531,489.2806701660156,612.4459838867188,986.4611206054688,598.5408325195312,0.10447738977982815,1.6286885,0,147_26
25395,7388864.440920191,1307542.9138642107,76.57943099999999,10.303324989777991,2018,0.999572217464447,19.808476088353594,912.0,-0.10630873532176308,-0.9943331699155405,-0.00011620266741374508,2104.483610090156,146.1389617919922,120.53728485107422,221.8529815673828,1060.367431640625,454.226318359375,0.46660858528620114,0.45366564,0,147_26
25487,7380530.631436083,1307329.067755455,76.493058,10.301621989779258,2018,0.999572217464447,19.808476088353594,912.0,-0.10630873532176308,-0.9943331699155405,-0.00011620266741374508,2110.7547678836636,101.34517669677734,80.33387756347656,272.271728515625,1070.2425537109375,464.0793762207031,-0.09593962785006882,0.48817348,1,147_26
BG_0055,9483383.218205316,3092634.191768887,98.2873750915193,25.009307096414375,2018,0.0014695058343932033,12.556713949187719,1950.0,0.7409909601022856,-0.6715150013564053,0.005775233566873253,279.16298589148937,26.5239200592041,280.8850402832031,310.2449645996094,660.9093627929688,362.53875732421875,-1.0233182979661937,-0.3273381,0,189_61
25487,7380530.631436083,1307329.067755455,76.493058,10.301621989779258,2018,0.999572217464447,19.808476088353594,912.0,-0.10630873532176308,-0.9943331699155405,-0.00011620266741374508,2110.7547678836636,117.47468566894531,489.2806701660156,612.4459838867188,986.4611206054688,598.5408325195312,0.10447738977982815,1.6286885,0,147_26
25487,7380530.631436083,1307329.067755455,76.493058,10.301621989779258,2018,0.999572217464447,19.808476088353594,912.0,-0.10630873532176308,-0.9943331699155405,-0.00011620266741374508,2110.7547678836636,146.1389617919922,120.53728485107422,221.8529815673828,1060.367431640625,454.226318359375,0.46660858528620114,0.45366564,0,147_26
25486,7377177.540224802,1306933.5185522009,76.458306,10.298471989781659,2018,0.999572217464447,19.808476088353594,912.0,-0.10630873532176308,-0.9943331699155405,-0.00011620266741374508,2113.491295245358,19.506669998168945,126.12506866455078,181.67904663085938,788.7640991210938,380.06390380859375,-1.0861599353511602,-0.19906308,1,147_26
BG_0056,9027983.237178659,2799507.654941356,93.5675332669359,22.50412692754715,2018,0.005437350831925869,21.885855916176467,1607.0,-0.7733603183433173,0.63396673257508,-0.004004659126810523,34.377015069040105,341.6347351074219,215.04806518554688,433.35675048828125,754.8633422851562,411.5649719238281,2.824718372737588,0.039240517,0,180_55
25486,7377177.540224802,1306933.5185522009,76.458306,10.298471989781659,2018,0.999572217464447,19.808476088353594,912.0,-0.10630873532176308,-0.9943331699155405,-0.00011620266741374508,2113.491295245358,64.39076232910156,301.1551513671875,606.75537109375,1065.9921875,592.0477905273438,-0.5509995864300054,1.5744865,0,147_26
25486,7377177.540224802,1306933.5185522009,76.458306,10.298471989781659,2018,0.999572217464447,19.808476088353594,912.0,-0.10630873532176308,-0.9943331699155405,-0.00011620266741374508,2113.491295245358,32.76839828491211,170.39012145996094,266.6762390136719,975.8379516601562,447.12969970703125,-0.9154864293911751,0.3951783,0,147_26
25396,7393266.627456638,1308151.923332141,76.62505599999997,10.308174989774326,2018,0.999572217464447,19.808476088353594,912.0,-0.10630873532176308,-0.9943331699155405,-0.00011620266741374508,2100.839530160157,101.34517669677734,80.33387756347656,272.271728515625,1070.2425537109375,464.0793762207031,-0.09593962785006882,0.48817348,1,147_26
BG_0057,9207392.486287393,3618153.3964261827,95.42696083158249,29.634081800234082,2018,0.001600320334546268,36.24496121624115,2906.0,-0.3531457639407875,-0.9355683135991073,-0.00405014292961082,40.73895077354527,69.49983215332031,159.94869995117188,432.3163757324219,686.1273803710938,377.86285400390625,-0.496730882894245,-0.28615904,0,184_72
25396,7393266.627456638,1308151.923332141,76.62505599999997,10.308174989774326,2018,0.999572217464447,19.808476088353594,912.0,-0.10630873532176308,-0.9943331699155405,-0.00011620266741374508,2100.839530160157,117.47468566894531,489.2806701660156,612.4459838867188,986.4611206054688,598.5408325195312,0.10447738977982815,1.6286885,0,147_26
25396,7393266.627456638,1308151.923332141,76.62505599999997,10.308174989774326,2018,0.999572217464447,19.808476088353594,912.0,-0.10630873532176308,-0.9943331699155405,-0.00011620266741374508,2100.839530160157,146.1389617919922,120.53728485107422,221.8529815673828,1060.367431640625,454.226318359375,0.46660858528620114,0.45366564,0,147_26
26074,7401108.26042519,1308343.037410472,76.706328,10.3096969897732,2018,0.999572217464447,19.808476088353594,912.0,-0.10630873532176308,-0.9943331699155405,-0.00011620266741374508,2094.9650425610143,101.34517669677734,80.33387756347656,272.271728515625,1070.2425537109375,464.0793762207031,-0.09593962785006882,0.48817348,1,148_26
BG_0058,8819737.765231239,2724624.414789726,91.40924224974762,21.87141022854869,2018,0.00114392617251724,12.689693859260856,989.0,0.01791228833508883,-0.9998395620931393,-2.7153656583149777e-05,114.8658468160777,36.99673843383789,266.2933654785156,364.625244140625,874.7381591796875,459.998291015625,-0.9257688318263271,0.43615592,0,176_54
26074,7401108.26042519,1308343.037410472,76.706328,10.3096969897732,2018,0.999572217464447,19.808476088353594,912.0,-0.10630873532176308,-0.9943331699155405,-0.00011620266741374508,2094.9650425610143,117.47468566894531,489.2806701660156,612.4459838867188,986.4611206054688,598.5408325195312,0.10447738977982815,1.6286885,0,148_26
26074,7401108.26042519,1308343.037410472,76.706328,10.3096969897732,2018,0.999572217464447,19.808476088353594,912.0,-0.10630873532176308,-0.9943331699155405,-0.00011620266741374508,2094.9650425610143,146.1389617919922,120.53728485107422,221.8529815673828,1060.367431640625,454.226318359375,0.46660858528620114,0.45366564,0,148_26
26076,7402641.330932097,1308229.649862792,76.72221699999999,10.308793989773854,2018,0.999572217464447,19.808476088353594,912.0,-0.10630873532176308,-0.9943331699155405,-0.00011620266741374508,2093.9208762726134,101.34517669677734,80.33387756347656,272.271728515625,1070.2425537109375,464.0793762207031,-0.09593962785006882,0.48817348,1,148_26
BG_0059,9457775.24959526,2867866.2312319176,98.0219698075404,23.08419216061605,2018,0.0029256369452923536,14.081745958239376,1250.0,0.21021429838386113,-0.9776553322899543,0.0007183247973745739,371.07467308893325,169.9447784423828,380.354736328125,617.0510864257812,1272.705322265625,690.1083984375,0.8057904396535172,2.5443897,0,189_57
26076,7402641.330932097,1308229.649862792,76.72221699999999,10.308793989773854,2018,0.999572217464447,19.808476088353594,912.0,-0.10630873532176308,-0.9943331699155405,-0.00011620266741374508,2093.9208762726134,117.47468566894531,489.2806701660156,612.4459838867188,986.4611206054688,598.5408325195312,0.10447738977982815,1.6286885,0,148_26
26076,7402641.330932097,1308229.649862792,76.72221699999999,10.308793989773854,2018,0.999572217464447,19.808476088353594,912.0,-0.10630873532176308,-0.9943331699155405,-0.00011620266741374508,2093.9208762726134,146.1389617919922,120.53728485107422,221.8529815673828,1060.367431640625,454.226318359375,0.46660858528620114,0.45366564,0,148_26
26087,7402503.548523899,1308061.2631197374,76.720789,10.307452989774863,2018,0.999572217464447,19.808476088353594,912.0,-0.10630873532176308,-0.9943331699155405,-0.00011620266741374508,2094.136484261793,101.34517669677734,80.33387756347656,272.271728515625,1070.2425537109375,464.0793762207031,-0.09593962785006882,0.48817348,1,148_26
BG_0060,8755696.365570398,3107314.221840938,90.74550643679771,25.136044280269612,2018,0.022503651678562164,0.1544079385106994,12.0,1.2246467991473532e-16,-1.0,-0.00023240533482749015,1.4830615403773628,92.3602066040039,127.32969665527344,171.80638122558594,342.5296630859375,182.6033935546875,-0.19223362103244218,-1.800787,0,175_62
26087,7402503.548523899,1308061.2631197374,76.720789,10.307452989774863,2018,0.999572217464447,19.808476088353594,912.0,-0.10630873532176308,-0.9943331699155405,-0.00011620266741374508,2094.136484261793,117.47468566894531,489.2806701660156,612.4459838867188,986.4611206054688,598.5408325195312,0.10447738977982815,1.6286885,0,148_26
26087,7402503.548523899,1308061.2631197374,76.720789,10.307452989774863,2018,0.999572217464447,19.808476088353594,912.0,-0.10630873532176308,-0.9943331699155405,-0.00011620266741374508,2094.136484261793,146.1389617919922,120.53728485107422,221.8529815673828,1060.367431640625,454.226318359375,0.46660858528620114,0.45366564,0,148_26
26075,7402160.443311326,1308690.857701873,76.717233,10.312466989771094,2018,0.999572217464447,19.808476088353594,912.0,-0.10630873532176308,-0.9943331699155405,-0.00011620266741374508,2093.9581235649803,101.34517669677734,80.33387756347656,272.271728515625,1070.2425537109375,464.0793762207031,-0.09593962785006882,0.48817348,1,148_26
BG_0061,9635975.717988549,3004742.536623827,99.86886936600517,24.253149735221115,2018,0.0008952658390626311,13.148748945875836,2511.0,-0.39857209974166846,-0.9171370024742854,0.0010239687197792068,436.6346872173115,56.28311538696289,91.9694595336914,202.45201110839844,536.5745849609375,274.1319885253906,-0.6288903920770894,-1.0323546,0,192_60
26075,7402160.443311326,1308690.857701873,76.717233,10.312466989771094,2018,0.999572217464447,19.808476088353594,912.0,-0.10630873532176308,-0.9943331699155405,-0.00011620266741374508,2093.9581235649803,117.47468566894531,489.2806701660156,612.4459838867188,986.4611206054688,598.5408325195312,0.10447738977982815,1.6286885,0,148_26
26075,7402160.443311326,1308690.857701873,76.717233,10.312466989771094,2018,0.999572217464447,19.808476088353594,912.0,-0.10630873532176308,-0.9943331699155405,-0.00011620266741374508,2093.9581235649803,146.1389617919922,120.53728485107422,221.8529815673828,1060.367431640625,454.226318359375,0.46660858528620114,0.45366564,0,148_26
26000,7429366.39029483,1266131.074169135,76.9992,9.97369999002995,2018,0.999572217464447,19.808476088353594,912.0,-0.10630873532176308,-0.9943331699155405,-0.00011620266741374508,2103.658725363975,96.67315673828125,139.99053955078125,257.4652404785156,978.9424438476562,473.2623596191406,-0.15237859271268944,0.5829003,1,148_25
BG_0062,9428875.474907147,2619396.0808496564,97.72244769296657,20.986882127434512,2018,0.0023883350659161806,3.607700706926928,950.0,0.18312000844068796,-0.9830905667885753,0.0031409640429993697,461.1266904409039,119.43328857421875,315.17095947265625,444.88458251953125,970.8331298828125,512.4259643554688,0.05390825677834798,0.7152712,0,188_52
26000,7429366.39029483,1266131.074169135,76.9992,9.97369999002995,2018,0.999572217464447,19.808476088353594,912.0,-0.10630873532176308,-0.9943331699155405,-0.00011620266741374508,2103.658725363975,37.642799377441406,75.98008728027344,107.10833740234375,340.3489990234375,162.83590698242188,0.4120624462867481,1.7515894,0,148_25
26000,7429366.39029483,1266131.074169135,76.9992,9.97369999002995,2018,0.999572217464447,19.808476088353594,912.0,-0.10630873532176308,-0.9943331699155405,-0.00011620266741374508,2103.658725363975,44.69532012939453,339.74072265625,441.08587646484375,803.36181640625,472.3854675292969,-0.7813851553037167,0.55611634,0,148_25
927,7417131.929959018,1236858.9889641854,76.87240000000001,9.740899990212029,2007,0.999572217464447,19.808476088353594,912.0,-0.10630873532176308,-0.9943331699155405,-0.00011620266741374508,2132.902741876165,37.473506927490234,297.346435546875,412.3677673339844,837.4637451171875,457.9606018066406,-0.8756979589301738,0.34096244,1,148_24
BG_0063,8875498.591968227,3372467.7511429377,91.98715681534172,27.448388445968696,2007,0.007873171009123325,30.138412146583516,3938.0,-0.99121077235413,0.1322921190741495,-0.0006345130616460741,3.582433926321486,102.11662292480469,321.50885009765625,520.91455078125,804.9303588867188,466.83892822265625,-0.14063900784112643,0.33413303,0,177_67
927,7417131.929959018,1236858.9889641854,76.87240000000001,9.740899990212029,2007,0.999572217464447,19.808476088353594,912.0,-0.10630873532176308,-0.9943331699155405,-0.00011620266741374508,2132.902741876165,23.407873153686523,20.502948760986328,52.271339416503906,160.71633911132812,74.0940933227539,-0.23288121664053288,-0.96652496,0,148_24
927,7417131.929959018,1236858.9889641854,76.87240000000001,9.740899990212029,2007,0.999572217464447,19.808476088353594,912.0,-0.10630873532176308,-0.9943331699155405,-0.00011620266741374508,2132.902741876165,58.63341522216797,58.39814376831055,272.4234924316406,623.68798828125,305.18963623046875,-0.622090949600043,-0.8201219,0,148_24
26118,7415911.089055003,1165779.6507973797,76.85974700000001,9.17625799066748,2018,0.999572217464447,19.808476088353594,912.0,-0.10630873532176308,-0.9943331699155405,-0.00011620266741374508,2184.3058465390413,35.61455535888672,82.28597259521484,85.17939758300781,228.55648803710938,122.7767562866211,0.30214463259533186,0.47666636,1,148_23
BG_0064,8689093.307984348,3057202.947757089,90.05522117123603,24.703942759167077,2018,0.0007310573710128665,0.2296278386852302,25.0,0.7401653195929748,-0.6724249398050532,0.00025699723859267423,55.815119144531,26.0498104095459,52.08934020996094,68.17228698730469,167.22186279296875,90.46827697753906,-0.1428382031502237,-0.5416099,0,173_61
26118,7415911.089055003,1165779.6507973797,76.85974700000001,9.17625799066748,2018,0.999572217464447,19.808476088353594,912.0,-0.10630873532176308,-0.9943331699155405,-0.00011620266741374508,2184.3058465390413,70.83995819091797,117.95021057128906,189.14578247070312,627.76513671875,290.2384338378906,-0.45135789796868014,-0.8978535,0,148_23
26118,7415911.089055003,1165779.6507973797,76.85974700000001,9.17625799066748,2018,0.999572217464447,19.808476088353594,912.0,-0.10630873532176308,-0.9943331699155405,-0.00011620266741374508,2184.3058465390413,8.290719985961914,30.001371383666992,97.5241928100586,166.35980224609375,91.04412078857422,-0.918972011852284,-0.40101352,0,148_23
26012,7416224.958924658,1165883.9650612925,76.86299999999999,9.177085990666807,2018,0.999572217464447,19.808476088353594,912.0,-0.10630873532176308,-0.9943331699155405,-0.00011620266741374508,2184.0127090211126,35.61455535888672,82.28597259521484,85.17939758300781,228.55648803710938,122.7767562866211,0.30214463259533186,0.47666636,1,148_23
BG_0065,9470573.621777583,2809440.8990032226,98.15461428454834,22.588267600562084,2018,0.003982850816100836,24.35553888799787,1166.0,0.49970794639989924,-0.8661939553614972,-0.00037318558398460595,407.6340594804416,6.9511542320251465,57.049530029296875,80.21153259277344,310.8563232421875,159.08761596679688,-0.9806672510725287,1.6556332,0,189_56
26012,7416224.958924658,1165883.9650612925,76.86299999999999,9.177085990666807,2018,0.999572217464447,19.808476088353594,912.0,-0.10630873532176308,-0.9943331699155405,-0.00011620266741374508,2184.0127090211126,70.83995819091797,117.95021057128906,189.14578247070312,627.76513671875,290.2384338378906,-0.45135789796868014,-0.8978535,0,148_23
26012,7416224.958924658,1165883.9650612925,76.86299999999999,9.177085990666807,2018,0.999572217464447,19.808476088353594,912.0,-0.10630873532176308,-0.9943331699155405,-0.00011620266741374508,2184.0127090211126,8.290719985961914,30.001371383666992,97.5241928100586,166.35980224609375,91.04412078857422,-0.918972011852284,-0.40101352,0,148_23
26117,7416037.389595851,1164646.918688234,76.861056,9.167266990674868,2018,0.999572217464447,19.808476088353594,912.0,-0.10630873532176308,-0.9943331699155405,-0.00011620266741374508,2185.032687447049,35.61455535888672,82.28597259521484,85.17939758300781,228.55648803710938,122.7767562866211,0.30214463259533186,0.47666636,1,148_23
BG_0066,9365785.58033954,3401077.6076977984,97.06857343847616,27.70066392465108,2018,0.0023710671812295914,24.691349397181096,2594.0,0.4303195644537444,-0.9026766156538784,0.00761653149694537,25.123242732639817,39.530548095703125,89.5433578491211,168.52088928222656,244.6829833984375,148.21485900878906,0.4704464481671108,1.2372831,0,187_68
26117,7416037.389595851,1164646.918688234,76.861056,9.167266990674868,2018,0.999572217464447,19.808476088353594,912.0,-0.10630873532176308,-0.9943331699155405,-0.00011620266741374508,2185.032687447049,70.83995819091797,117.95021057128906,189.14578247070312,627.76513671875,290.2384338378906,-0.45135789796868014,-0.8978535,0,148_23
26117,7416037.389595851,1164646.918688234,76.861056,9.167266990674868,2018,0.999572217464447,19.808476088353594,912.0,-0.10630873532176308,-0.9943331699155405,-0.00011620266741374508,2185.032687447049,8.290719985961914,30.001371383666992,97.5241928100586,166.35980224609375,91.04412078857422,-0.918972011852284,-0.40101352,0,148_23
26104,7417253.599158414,1165094.7990891815,76.873661,9.170821990671984,2018,0.999572217464447,19.808476088353594,912.0,-0.10630873532176308,-0.9943331699155405,-0.00011620266741374508,2183.865689265808,35.61455535888672,82.28597259521484,85.17939758300781,228.55648803710938,122.7767562866211,0.30214463259533186,0.47666636,1,148_23
BG_0067,9387157.121785838,2954638.5588802034,97.29007168040988,23.824059825950922,2018,0.0033507850021123886,17.868261868332695,882.0,-0.7036388060401708,-0.7105578306051963,0.003934079719218869,268.0285979349999,4.835265159606934,40.578468322753906,121.57122802734375,226.60977172851562,122.67393493652344,-1.1094521993593582,0.5328089,0,187_59
26104,7417253.599158414,1165094.7990891815,76.873661,9.170821990671984,2018,0.999572217464447,19.808476088353594,912.0,-0.10630873532176308,-0.9943331699155405,-0.00011620266741374508,2183.865689265808,70.83995819091797,117.95021057128906,189.14578247070312,627.76513671875,290.2384338378906,-0.45135789796868014,-0.8978535,0,148_23
26104,7417253.599158414,1165094.7990891815,76.873661,9.170821990671984,2018,0.999572217464447,19.808476088353594,912.0,-0.10630873532176308,-0.9943331699155405,-0.00011620266741374508,2183.865689265808,8.290719985961914,30.001371383666992,97.5241928100586,166.35980224609375,91.04412078857422,-0.918972011852284,-0.40101352,0,148_23
26115,7417192.812801856,1164305.3675765013,76.873031,9.164555990677126,2018,0.999572217464447,19.808476088353594,912.0,-0.10630873532176308,-0.9943331699155405,-0.00011620266741374508,2184.4759349226397,35.61455535888672,82.28597259521484,85.17939758300781,228.55648803710938,122.7767562866211,0.30214463259533186,0.47666636,1,148_23
BG_0068,9427935.290776148,2879490.8175099804,97.71270346685945,23.183075952369784,2018,0.002496491651982069,8.752718353484624,713.0,0.9901472722509497,0.1400299227094118,-0.0044080764988482755,339.61405665362827,48.23487854003906,84.97645568847656,125.37583923339844,196.39573669433594,114.57727813720703,0.8806903051746603,0.21137612,0,188_57
26115,7417192.812801856,1164305.3675765013,76.873031,9.164555990677126,2018,0.999572217464447,19.808476088353594,912.0,-0.10630873532176308,-0.9943331699155405,-0.00011620266741374508,2184.4759349226397,70.83995819091797,117.95021057128906,189.14578247070312,627.76513671875,290.2384338378906,-0.45135789796868014,-0.8978535,0,148_23
26115,7417192.812801856,1164305.3675765013,76.873031,9.164555990677126,2018,0.999572217464447,19.808476088353594,912.0,-0.10630873532176308,-0.9943331699155405,-0.00011620266741374508,2184.4759349226397,8.290719985961914,30.001371383666992,97.5241928100586,166.35980224609375,91.04412078857422,-0.918972011852284,-0.40101352,0,148_23
26014,7417192.812801856,1164305.3675765013,76.873031,9.164555990677126,2018,0.999572217464447,19.808476088353594,912.0,-0.10630873532176308,-0.9943331699155405,-0.00011620266741374508,2184.4759349226397,35.61455535888672,82.28597259521484,85.17939758300781,228.55648803710938,122.7767562866211,0.30214463259533186,0.47666636,1,148_23
BG_0069,8755208.15276364,3381758.7917868313,90.7404465173409,27.53025261168138,2018,0.0005993104423396289,19.522450756101343,3170.0,0.8957062654776446,0.44464624813900216,0.005639543451225432,75.94444100153602,5.362663269042969,29.8456974029541,40.936485290527344,183.42041015625,88.62986755371094,-1.0738357037116544,-0.5521767,0,175_67
26014,7417192.812801856,1164305.3675765013,76.873031,9.164555990677126,2018,0.999572217464447,19.808476088353594,912.0,-0.10630873532176308,-0.9943331699155405,-0.00011620266741374508,2184.4759349226397,70.83995819091797,117.95021057128906,189.14578247070312,627.76513671875,290.2384338378906,-0.45135789796868014,-0.8978535,0,148_23
26014,7417192.812801856,1164305.3675765013,76.873031,9.164555990677126,2018,0.999572217464447,19.808476088353594,912.0,-0.10630873532176308,-0.9943331699155405,-0.00011620266741374508,2184.4759349226397,8.290719985961914,30.001371383666992,97.5241928100586,166.35980224609375,91.04412078857422,-0.918972011852284,-0.40101352,0,148_23
26116,7417805.693654009,1164540.837795951,76.87938299999999,9.16642499067557,2018,0.999572217464447,19.808476088353594,912.0,-0.10630873532176308,-0.9943331699155405,-0.00011620266741374508,2183.880941372002,35.61455535888672,82.28597259521484,85.17939758300781,228.55648803710938,122.7767562866211,0.30214463259533186,0.47666636,1,148_23
BG_0070,9029635.470027331,2633670.518642393,93.58465728544273,21.10656539934646,2018,0.0037841794546693563,23.148326375174104,1208.0,-0.956078666489828,0.29311019000204036,0.0018592426786199212,116.7055305398392,27.616268157958984,91.48454284667969,99.20536041259766,255.51515197753906,135.2392120361328,-0.07562460358084726,0.8287807,0,180_52
26116,7417805.693654009,1164540.837795951,76.87938299999999,9.16642499067557,2018,0.999572217464447,19.808476088353594,912.0,-0.10630873532176308,-0.9943331699155405,-0.00011620266741374508,2183.880941372002,70.83995819091797,117.95021057128906,189.14578247070312,627.76513671875,290.2384338378906,-0.45135789796868014,-0.8978535,0,148_23
26116,7417805.693654009,1164540.837795951,76.87938299999999,9.16642499067557,2018,0.999572217464447,19.808476088353594,912.0,-0.10630873532176308,-0.9943331699155405,-0.00011620266741374508,2183.880941372002,8.290719985961914,30.001371383666992,97.5241928100586,166.35980224609375,91.04412078857422,-0.918972011852284,-0.40101352,0,148_23
26013,7416806.578222011,1166857.5534174663,76.869028,9.184813990660446,2018,0.999572217464447,19.808476088353594,912.0,-0.10630873532176308,-0.9943331699155405,-0.00011620266741374508,2182.9084618753664,35.61455535888672,82.28597259521484,85.17939758300781,228.55648803710938,122.7767562866211,0.30214463259533186,0.47666636,1,148_23
BG_0071,8795562.968078181,3557152.926782341,91.1586905952513,29.087212664397324,2018,0.000574227946344763,27.349419477379584,4296.0,-0.7184526436057187,-0.6955758757288483,0.0001991299228424272,147.46244396008416,16.797956466674805,25.119586944580078,41.067447662353516,120.23371887207031,61.73101043701172,-0.5701051932169372,-1.4402488,0,175_71
26013,7416806.578222011,1166857.5534174663,76.869028,9.184813990660446,2018,0.999572217464447,19.808476088353594,912.0,-0.10630873532176308,-0.9943331699155405,-0.00011620266741374508,2182.9084618753664,70.83995819091797,117.95021057128906,189.14578247070312,627.76513671875,290.2384338378906,-0.45135789796868014,-0.8978535,0,148_23
26013,7416806.578222011,1166857.5534174663,76.869028,9.184813990660446,2018,0.999572217464447,19.808476088353594,912.0,-0.10630873532176308,-0.9943331699155405,-0.00011620266741374508,2182.9084618753664,8.290719985961914,30.001371383666992,97.5241928100586,166.35980224609375,91.04412078857422,-0.918972011852284,-0.40101352,0,148_23
521,8542189.938705744,3376740.6579465508,88.53269,27.486029987134497,2014,0.9992306232452393,19.808476088353594,912.0,-0.10630873532176308,-0.9943331699155405,-0.00011620266741374508,0.003271028389873963,60.187564849853516,198.82086181640625,296.059326171875,738.457763671875,360.16033935546875,-0.5875452795103877,-0.34937632,1,170_67
BG_0072,9516541.612926101,2557555.774733065,98.63103425875593,20.469456943021566,2014,0.0025579321663826704,9.740001042816104,885.0,0.938455527397921,0.34540009133798727,-0.001829724533389869,563.7672391621458,2.69509220123291,347.4779052734375,392.8763732910156,1039.4892578125,550.1591186523438,-1.3691038904936657,1.0262219,0,190_51
521,8542189.938705744,3376740.6579465508,88.53269,27.486029987134497,2014,0.9992306232452393,19.808476088353594,912.0,-0.10630873532176308,-0.9943331699155405,-0.00011620266741374508,0.003271028389873963,290.3432922363281,70.28205108642578,93.31625366210938,501.5958251953125,229.67034912109375,2.1988396518471705,-1.4641379,0,170_67
519,8542748.594268396,3379358.7584374626,88.53848,27.50909998714295,2014,0.9992306232452393,19.808476088353594,912.0,-0.10630873532176308,-0.9943331699155405,-0.00011620266741374508,0.008119136925630679,251.96798706054688,111.7196273803711,196.47586059570312,698.4522705078125,346.4727478027344,1.617800582242395,-0.49939227,1,170_67
BG_0073,9285162.400030112,2668528.5321796867,96.23298126827558,21.399228488789916,2014,0.0008531920029781759,0.9263691317080074,103.0,1.2246467991473532e-16,-1.0,-0.0003842985069394068,309.451215499419,37.22134780883789,297.1249694824219,321.7238464355469,722.3610229492188,416.5663757324219,-0.8571840101054502,0.11232429,0,185_53
519,8542748.594268396,3379358.7584374626,88.53848,27.50909998714295,2014,0.9992306232452393,19.808476088353594,912.0,-0.10630873532176308,-0.9943331699155405,-0.00011620266741374508,0.008119136925630679,17.7299747467041,89.61151123046875,93.11750030517578,292.35504150390625,154.41258239746094,-0.4978981879126775,1.3755304,0,170_67
519,8542748.594268396,3379358.7584374626,88.53848,27.50909998714295,2014,0.9992306232452393,19.808476088353594,912.0,-0.10630873532176308,-0.9943331699155405,-0.00011620266741374508,0.008119136925630679,114.29302215576172,363.797119140625,510.78515625,782.32373046875,458.047607421875,0.05179724258671627,0.41877237,0,170_67
520,8545264.95645734,3380050.9275380056,88.56455999999999,27.51519998714522,2014,0.9992306232452393,19.808476088353594,912.0,-0.10630873532176308,-0.9943331699155405,-0.00011620266741374508,0.002306882661391806,60.187564849853516,198.82086181640625,296.059326171875,738.457763671875,360.16033935546875,-0.5875452795103877,-0.34937632,1,170_67
BG_0074,9003036.418184694,2777866.0023629237,93.3089802485265,22.32098159165201,2014,0.04746882617473602,23.14498860081484,1579.0,-0.9064100396454585,0.4223989110188595,-0.002188263801666226,11.82470387019051,318.013427734375,289.14312744140625,359.3656311035156,792.1781005859375,422.81549072265625,2.465790438598683,0.008577209,0,180_55
520,8545264.95645734,3380050.9275380056,88.56455999999999,27.51519998714522,2014,0.9992306232452393,19.808476088353594,912.0,-0.10630873532176308,-0.9943331699155405,-0.00011620266741374508,0.002306882661391806,290.3432922363281,70.28205108642578,93.31625366210938,501.5958251953125,229.67034912109375,2.1988396518471705,-1.4641379,0,170_67
566,8543253.217514109,3368074.518041577,88.54371,27.409699987106663,2014,0.9991902709007263,19.808476088353594,912.0,-0.10630873532176308,-0.9943331699155405,-0.00011620266741374508,0.011921310112465533,60.45994186401367,224.020751953125,290.20806884765625,597.0092163085938,334.056640625,-0.5802180930869792,-0.5957314,1,170_67
BG_0075,8745090.310560508,3293440.8386246455,90.63558350286024,26.754448402250276,2014,0.1000400260090828,7.218650738115256,199.0,0.6790923768577198,-0.7340528207790857,0.001776437113044405,5.099871105866372,122.24571228027344,132.145263671875,275.0348815917969,473.321044921875,260.790771484375,0.21368912574805854,-1.0728147,0,174_65
566,8543253.217514109,3368074.518041577,88.54371,27.409699987106663,2014,0.9991902709007263,19.808476088353594,912.0,-0.10630873532176308,-0.9943331699155405,-0.00011620266741374508,0.011921310112465533,54.15320587158203,80.9214859008789,103.18843078613281,333.61944580078125,163.4207763671875,1.09249513918998,1.6414416,0,170_67
615,8537507.459525168,3348700.1706397715,88.48416,27.239239987045277,2014,0.9989443421363831,19.808476088353594,912.0,-0.10630873532176308,-0.9943331699155405,-0.00011620266741374508,0.019652973337587868,65.92202758789062,202.55169677734375,314.6602478027344,1010.384765625,455.13348388671875,-0.5073295610714746,0.48784843,1,170_66
BG_0076,8983820.497042004,3306699.1599717727,93.10982321715662,26.870577997038833,2014,0.016797935590147972,1.1564390170755445,106.0,0.598645378545729,-0.801014176370082,0.00026223782611671894,1.5598516955148827,168.76629638671875,127.44544982910156,203.58494567871094,424.48992919921875,224.13682556152344,0.675330157496419,-1.6029868,0,179_66
615,8537507.459525168,3348700.1706397715,88.48416,27.239239987045277,2014,0.9989443421363831,19.808476088353594,912.0,-0.10630873532176308,-0.9943331699155405,-0.00011620266741374508,0.019652973337587868,58.223304748535156,136.51889038085938,194.7203826904297,589.7822265625,293.50421142578125,1.356644651877495,5.8105536,0,170_66
546,8540371.172323015,3348527.2776539084,88.51384,27.237719987044727,2014,0.9992306232452393,19.808476088353594,912.0,-0.10630873532176308,-0.9943331699155405,-0.00011620266741374508,0.011314716563164668,261.9872741699219,87.96562194824219,112.66754913330078,592.76220703125,274.2371826171875,1.9058860825999326,-1.017365,1,170_66
BG_0077,8997522.514000589,3653470.389933669,93.25183322026747,29.952029237833596,2014,0.0005082708667032421,10.742770023325793,5104.0,-0.6967413849997952,-0.7173224117707233,0.0010844086576003947,126.99321961795066,118.03154754638672,295.58251953125,375.9091491699219,605.2401123046875,351.310546875,0.0581096377363118,-0.5499959,0,179_73
546,8540371.172323015,3348527.2776539084,88.51384,27.237719987044727,2014,0.9992306232452393,19.808476088353594,912.0,-0.10630873532176308,-0.9943331699155405,-0.00011620266741374508,0.011314716563164668,17.954042434692383,65.98358917236328,70.59237670898438,432.67340087890625,200.22686767578125,-0.4879122225151936,2.9220865,0,170_66
545,8544206.501962988,3350693.960189147,88.55359000000001,27.25676998705155,2014,0.9992306232452393,19.808476088353594,912.0,-0.10630873532176308,-0.9943331699155405,-0.00011620266741374508,0.0104241485634493,49.39306640625,180.3182830810547,255.90127563476562,1087.5009765625,526.2244262695312,-0.710771774276169,1.0793865,1,170_67
BG_0078,9387735.084539806,3145887.0184268164,97.29606178338064,25.46967136808165,2014,0.0007835672004148364,0.82613808190768,153.0,0.828037714555287,-0.5606724028111756,-0.0007763104247672631,198.9864781435226,62.957820892333984,94.05469512939453,219.21665954589844,690.04150390625,336.1849365234375,-0.5751689311417741,-0.59074026,0,187_62
25964,9143039.916574955,3219625.6897297767,94.76,26.109999986669603,2018,0.42741161584854126,30.217971494563677,1073.0,0.35554778841213647,0.9346581033486194,0.0022312127357085165,2.0364677200523427,79.91090393066406,6.9859843254089355,158.52664184570312,469.3074645996094,210.51467895507812,-0.3893321891364242,-1.6821016,1,182_64
BG_0079,9298920.711153006,3467002.82579103,96.37557471355213,28.28417127758377,2018,0.0017919751117005944,27.61135144811777,4124.0,-0.9244592036275494,-0.38128097359862734,0.0014464553353976833,15.020026485550249,180.89479064941406,80.98172760009766,122.42389678955078,437.49627685546875,215.14671325683594,0.8048846261897193,-1.6121857,0,185_69
25964,9143039.916574955,3219625.6897297767,94.76,26.109999986669603,2018,0.42741161584854126,30.217971494563677,1073.0,0.35554778841213647,0.9346581033486194,0.0022312127357085165,2.0364677200523427,12.804696083068848,69.00922393798828,124.39015197753906,275.779541015625,150.68284606933594,-0.7230367256798327,1.4999245,0,182_64
25964,9143039.916574955,3219625.6897297767,94.76,26.109999986669603,2018,0.42741161584854126,30.217971494563677,1073.0,0.35554778841213647,0.9346581033486194,0.0022312127357085165,2.0364677200523427,49.62950897216797,474.8128356933594,627.0745239257812,1203.293701171875,700.7656860351562,-0.7211826546041581,2.2919047,0,182_64
25965,9064130.252538523,3108502.191042602,93.94216699999998,25.146305986395227,2018,0.9807527661323547,7.497134595445032,1270.0,0.3053962689275496,-0.9522253509149669,-0.00540445609899301,0.01280794004859009,204.00950622558594,205.77566528320312,268.8301696777344,671.4304809570312,338.51702880859375,1.1998792788508867,-0.53889644,1,181_62
BG_0080,9539803.795804545,3035533.4636708726,98.87212742576327,24.517545038659392,2018,0.0008766743121668696,7.059598106475844,2030.0,-0.980633500054559,0.19585182810161691,-0.006738891099791769,356.2378137352411,171.6228790283203,130.40792846679688,153.75155639648438,692.2786254882812,330.3711853027344,0.7905539103393117,-0.62789404,0,190_60
25965,9064130.252538523,3108502.191042602,93.94216699999998,25.146305986395227,2018,0.9807527661323547,7.497134595445032,1270.0,0.3053962689275496,-0.9522253509149669,-0.00540445609899301,0.01280794004859009,7.6794843673706055,141.75120544433594,161.11566162109375,247.27586364746094,144.34213256835938,-0.9883468544253644,1.0192355,0,181_62
25965,9064130.252538523,3108502.191042602,93.94216699999998,25.146305986395227,2018,0.9807527661323547,7.497134595445032,1270.0,0.3053962689275496,-0.9522253509149669,-0.00540445609899301,0.01280794004859009,50.42399215698242,335.989501953125,440.6568298339844,942.713134765625,519.614501953125,-0.6973163354468267,0.8882537,0,181_62
30878,8938070.89844484,3323577.3663186207,92.63566669999997,27.01858328696759,2016,0.8697513937950134,9.103475579436473,226.0,0.3115028994192148,0.9502452018576166,0.006556219420183429,0.07626647359978189,58.22151565551758,260.5506591796875,329.77630615234375,674.5472412109375,382.29095458984375,-0.6099065568547067,-0.093391374,1,178_66
BG_0081,9139387.838659007,3255594.628076224,94.7221492516195,26.42358900190372,2016,0.252023309469223,9.813783189890536,802.0,0.19136875927145744,0.9815182107199555,0.0047528827292084,3.2987617622222105,52.07528305053711,137.89639282226562,267.1748046875,699.0081787109375,369.39874267578125,-0.6818102517181363,-0.26978415,0,182_65
30878,8938070.89844484,3323577.3663186207,92.63566669999997,27.01858328696759,2016,0.8697513937950134,9.103475579436473,226.0,0.3115028994192148,0.9502452018576166,0.006556219420183429,0.07626647359978189,30.27294921875,21.807973861694336,59.32440185546875,99.87127685546875,55.26150894165039,0.10851940803877627,-1.55729,0,178_66
30878,8938070.89844484,3323577.3663186207,92.63566669999997,27.01858328696759,2016,0.8697513937950134,9.103475579436473,226.0,0.3115028994192148,0.9502452018576166,0.006556219420183429,0.07626647359978189,84.39397430419922,215.79666137695312,340.817626953125,465.117919921875,286.8525085449219,-0.2573100294766641,-0.8494897,0,178_66
98,8868201.448896123,3385256.082514695,91.911528,27.56108298716213,2016,0.9004943370819092,12.03782760797933,1912.0,-0.057021433174841596,-0.9983729544407175,-0.001964618033429547,0.04065265873949767,63.96070861816406,74.93475341796875,97.38684844970703,191.91741943359375,110.19271850585938,1.498766681279441,-0.05469197,1,177_67
BG_0082,8799157.261880662,2574241.727319121,91.19594245938302,20.60890062314839,2016,0.00114392617251724,12.689693859260856,989.0,0.01791228833508883,-0.9998395620931393,-2.7153656583149777e-05,210.83577564229245,12.372396469116211,126.4273681640625,136.74234008789062,202.5608367919922,128.05079650878906,-0.7263607536473866,0.66963196,0,175_51
98,8868201.448896123,3385256.082514695,91.911528,27.56108298716213,2016,0.9004943370819092,12.03782760797933,1912.0,-0.057021433174841596,-0.9983729544407175,-0.001964618033429547,0.04065265873949767,33.87281036376953,12.799400329589844,23.428874969482422,150.6934051513672,63.3242073059082,0.2332937957730914,-1.3523861,0,177_67
98,8868201.448896123,3385256.082514695,91.911528,27.56108298716213,2016,0.9004943370819092,12.03782760797933,1912.0,-0.057021433174841596,-0.9983729544407175,-0.001964618033429547,0.04065265873949767,139.4982147216797,68.41645812988281,88.13704681396484,174.90042114257812,97.88865661621094,0.2859071270067477,-2.5119586,0,177_67
57,8863851.461437292,3389086.636280776,91.86644400000002,27.594860987174616,2016,0.8987776041030884,7.54688586043984,2959.0,-0.8148085276689747,-0.5797301641608082,0.0008559414321491476,0.015287173547702678,11.086301803588867,82.49958038330078,114.8270034790039,343.17626953125,173.56422424316406,-0.8609495294221499,1.9762658,1,177_67
BG_0083,9371948.586855575,3459778.1584182293,97.13244787222995,28.220073805217766,2016,0.006795259192585945,42.90409821035982,3953.0,0.9740867145425179,-0.22617487161876132,0.0011285616003098003,6.917941193118128,15.837055206298828,87.98596954345703,118.48460388183594,251.2782440185547,140.6305389404297,-0.6238331873921129,1.045354,0,187_69
57,8863851.461437292,3389086.636280776,91.86644400000002,27.594860987174616,2016,0.8987776041030884,7.54688586043984,2959.0,-0.8148085276689747,-0.5797301641608082,0.0008559414321491476,0.015287173547702678,10.238703727722168,98.65890502929688,115.73424530029297,314.03851318359375,172.09243774414062,-0.8679762459742978,2.0449479,0,177_67
57,8863851.461437292,3389086.636280776,91.86644400000002,27.594860987174616,2016,0.8987776041030884,7.54688586043984,2959.0,-0.8148085276689747,-0.5797301641608082,0.0008559414321491476,0.015287173547702678,8.389131546020508,16.024551391601562,62.83036804199219,162.96084594726562,77.00807189941406,-0.9340546545839005,-0.814971,0,177_67
45,8866649.563564565,3389121.332567078,91.89544399999998,27.59516698717474,2016,0.959854245185852,12.838844115796293,2390.0,-0.6604531408443935,-0.7508672644008232,-0.008031750137873474,0.005172086027531011,63.96070861816406,74.93475341796875,97.38684844970703,191.91741943359375,110.19271850585938,1.498766681279441,-0.05469197,1,177_67
BG_0084,9417818.416696105,3265896.4363653963,97.60785048616897,26.513556989845917,2016,0.0033229126129299402,14.155343396013274,897.0,-0.9791744999913157,-0.2030204387906718,-0.004502462580914661,96.44736663209522,24.48464012145996,12.03448486328125,51.90593719482422,185.17926025390625,87.39308166503906,-0.18194318551106947,-0.55642384,0,188_65
45,8866649.563564565,3389121.332567078,91.89544399999998,27.59516698717474,2016,0.959854245185852,12.838844115796293,2390.0,-0.6604531408443935,-0.7508672644008232,-0.008031750137873474,0.005172086027531011,33.87281036376953,12.799400329589844,23.428874969482422,150.6934051513672,63.3242073059082,0.2332937957730914,-1.3523861,0,177_67
45,8866649.563564565,3389121.332567078,91.89544399999998,27.59516698717474,2016,0.959854245185852,12.838844115796293,2390.0,-0.6604531408443935,-0.7508672644008232,-0.008031750137873474,0.005172086027531011,139.4982147216797,68.41645812988281,88.13704681396484,174.90042114257812,97.88865661621094,0.2859071270067477,-2.5119586,0,177_67
275,8861272.962083865,3222177.4676987603,91.83972,26.132219986676482,2013,0.8926459550857544,7.03404221105947,85.0,0.4865597731577503,0.873647289897175,-0.0025714316749730053,0.03658918389160647,24.944292068481445,27.997772216796875,81.45223999023438,726.7420654296875,279.9624328613281,-0.18285067043281306,5.4997187,1,177_64
BG_0085,9225320.712411968,3240112.356682799,95.61277197569497,26.28850784715977,2013,0.007115325890481472,20.327596606650413,852.0,-0.8925117916920019,0.4510240588823755,0.0013860897601297854,40.937022938015645,26.968233108520508,48.389007568359375,80.17108917236328,381.521240234375,167.50926208496094,-0.021442514296796087,2.3063462,0,184_64
275,8861272.962083865,3222177.4676987603,91.83972,26.132219986676482,2013,0.8926459550857544,7.03404221105947,85.0,0.4865597731577503,0.873647289897175,-0.0025714316749730053,0.03658918389160647,39.67158508300781,164.27902221679688,270.01507568359375,760.6104125976562,388.5312194824219,-0.8174908715432815,-0.08307412,0,177_64
275,8861272.962083865,3222177.4676987603,91.83972,26.132219986676482,2013,0.8926459550857544,7.03404221105947,85.0,0.4865597731577503,0.873647289897175,-0.0025714316749730053,0.03658918389160647,13.978596687316895,30.70452117919922,64.92683410644531,146.6871795654297,76.15505981445312,-0.7226057109046328,-1.0120277,0,177_64
25975,8865282.738918532,3218266.576661938,91.88127799999998,26.09816698666599,2018,0.8942770957946777,3.3886245501140073,85.0,0.9122554869956547,-0.40962168698241663,-0.0015849509399279938,0.00825103690378539,143.65553283691406,62.56995391845703,181.74298095703125,584.7135009765625,281.7528991699219,0.4702455051418842,-0.9887879,1,177_64
BG_0086,9427642.776474077,2763975.364016605,97.70967179954562,22.203553986768778,2018,0.0040367525070905685,26.149901506207396,1392.0,0.3734991420625917,-0.9276305249820684,-0.0008520895287085976,389.6175067474368,35.536930084228516,431.8616638183594,479.8139343261719,978.4027099609375,555.0675048828125,-0.8971788146654093,1.2135352,0,188_55
25975,8865282.738918532,3218266.576661938,91.88127799999998,26.09816698666599,2018,0.8942770957946777,3.3886245501140073,85.0,0.9122554869956547,-0.40962168698241663,-0.0015849509399279938,0.00825103690378539,64.5057601928711,23.464580535888672,65.54879760742188,173.7302703857422,82.73085021972656,1.6957902506923745,-0.6941066,0,177_64
25975,8865282.738918532,3218266.576661938,91.88127799999998,26.09816698666599,2018,0.8942770957946777,3.3886245501140073,85.0,0.9122554869956547,-0.40962168698241663,-0.0015849509399279938,0.00825103690378539,109.01848602294922,149.75950622558594,222.8516387939453,708.2127075195312,353.5587158203125,0.03218415759950753,-0.3671838,0,177_64
26234,8814021.700919395,3188580.680489053,91.35,25.839999986588232,2018,0.0907926857471466,1.3846188336875684,70.0,0.7432887317123592,0.6689707477232713,-0.003068583178627057,0.533872939387271,23.067684173583984,42.35992431640625,47.594520568847656,171.689208984375,82.11473846435547,-0.24995840344756462,-0.7271023,1,176_63
BG_0087,9160210.225555416,2980724.430370596,94.9379559636439,24.04728404676457,2018,0.001661173184402287,6.032096573232832,311.0,-0.9634792572427141,0.26778297343749835,0.0013707780229900107,58.91791588953763,22.919578552246094,57.06903839111328,141.5777130126953,256.1833801269531,136.32456970214844,-0.29536612984375893,0.9076336,0,183_59
26234,8814021.700919395,3188580.680489053,91.35,25.839999986588232,2018,0.0907926857471466,1.3846188336875684,70.0,0.7432887317123592,0.6689707477232713,-0.003068583178627057,0.533872939387271,12.493842124938965,430.0010986328125,549.0882568359375,1222.452392578125,642.69873046875,-0.7206593355623117,16.49144,0,176_63
26234,8814021.700919395,3188580.680489053,91.35,25.839999986588232,2018,0.0907926857471466,1.3846188336875684,70.0,0.7432887317123592,0.6689707477232713,-0.003068583178627057,0.533872939387271,4.570059299468994,51.97484588623047,82.70137023925781,208.58224487304688,107.50626373291016,-1.1406074008139864,0.080784015,0,176_63
14444,8985678.801847002,3139842.7176776477,93.12908299999998,25.417332986467855,2016,0.9748882055282593,7.05079015248137,385.0,-0.4704147140422971,0.88244546393106,0.002728906321537096,0.020688495360430235,20.109840393066406,72.50957489013672,113.03988647460938,182.44900512695312,103.51101684570312,-0.40341748947699435,-0.028594818,1,179_62
BG_0088,9188130.685301635,2774393.0405400507,95.22732829381994,22.291613105015273,2016,0.0010989424772560596,1.7371120137162928,171.0,-0.8163237671384299,-0.577594587236517,3.8083651949471684e-05,191.95710079153412,14.462356567382812,23.000301361083984,41.88072204589844,171.877685546875,80.44738006591797,-0.6701599885125124,-0.8400395,0,183_55
14444,8985678.801847002,3139842.7176776477,93.12908299999998,25.417332986467855,2016,0.9748882055282593,7.05079015248137,385.0,-0.4704147140422971,0.88244546393106,0.002728906321537096,0.020688495360430235,27.54688835144043,28.906444549560547,73.1307601928711,156.9468536376953,80.42730712890625,-0.010639246279230834,-0.7348686,0,179_62
14444,8985678.801847002,3139842.7176776477,93.12908299999998,25.417332986467855,2016,0.9748882055282593,7.05079015248137,385.0,-0.4704147140422971,0.88244546393106,0.002728906321537096,0.020688495360430235,23.282011032104492,163.13430786132812,175.210205078125,643.3263549804688,302.9829406738281,-1.0346269211679726,-0.6900981,0,179_62
25974,8994727.09223637,3117525.587301461,93.222861,25.22427798641576,2018,0.19007855653762817,5.379343166095643,619.0,-0.6169051651345847,0.7870374941705578,-0.006958471483766439,3.11504974514261,57.93330383300781,100.379150390625,194.9405975341797,636.6683959960938,326.2097473144531,-0.5954291459836353,-0.5586771,1,179_62
BG_0089,9096283.647741653,3326460.89836855,94.27541018358549,27.043888106877503,2018,0.0248833280056715,0.7191198453822439,89.0,0.8437298856308003,0.5367679946619738,-0.00023240533482749015,0.08010743196437535,57.56869888305664,271.061279296875,305.76446533203125,1100.490234375,564.2162475585938,-0.5987379916695017,1.5677614,0,181_66
25974,8994727.09223637,3117525.587301461,93.222861,25.22427798641576,2018,0.19007855653762817,5.379343166095643,619.0,-0.6169051651345847,0.7870374941705578,-0.006958471483766439,3.11504974514261,15.877533912658691,42.694053649902344,92.5496826171875,232.40599060058594,118.8887939453125,-0.6233787017520742,0.30263814,0,179_62
25974,8994727.09223637,3117525.587301461,93.222861,25.22427798641576,2018,0.19007855653762817,5.379343166095643,619.0,-0.6169051651345847,0.7870374941705578,-0.006958471483766439,3.11504974514261,19.87128257751465,76.94010925292969,159.71990966796875,413.44329833984375,201.40985107421875,-1.1762615235010772,-1.7775251,0,179_62
